CustomerID,Recency,Frequency,Monetary
14911,4,157,73847.19
17841,1,123,40017.56
15311,0,76,33025.05
13089,2,77,29233.89
12748,0,205,27945.96
16029,38,49,25505.59
13798,1,48,22908.51
13408,1,57,22897.13
15039,9,47,19914.44
16422,17,41,19362.12
14156,9,30,15997.64
16839,8,33,15606.41
12921,9,36,15238.51
15189,1,40,14941.27
17949,1,31,14778.03
16013,3,32,14743.82
13078,3,26,12627.94
13767,2,33,12471.86
12682,3,31,12288.22
14606,1,93,12156.65
16525,2,25,12052.83
15061,19,31,11952.93
17675,1,23,11641.68
14051,8,19,11514.64
16133,3,31,11232.19
17735,2,17,11204.06
12971,3,86,11189.91
15856,4,22,10831.45
17428,0,25,10678.35
16779,2,22,10629.72
14646,1,29,10515.65
12681,14,19,10431.37
13113,0,23,10284.91
15078,7,32,9743.11
13098,5,17,9635.15
16523,1,21,9418.47
13694,3,21,9407.32
14194,4,19,9204.06
17389,0,29,9172.0
12621,23,16,9152.03
15498,2,24,9120.29
14298,8,25,9090.26
13319,5,25,8989.56
17381,8,22,8897.27
12471,10,23,8826.96
17017,2,20,8694.26
17243,1,26,8676.85
17306,10,19,8631.31
14527,2,55,8508.82
15358,4,22,8347.2
15615,31,21,8312.01
17865,44,18,8252.7
14056,1,23,8214.65
14667,10,24,8171.91
15159,1,24,8146.5
13854,8,25,8109.52
18109,1,26,8052.97
14796,1,17,8022.49
13199,3,37,7990.24
14849,21,25,7930.54
12901,8,22,7927.68
13629,23,11,7792.36
15044,19,17,7700.23
16656,22,14,7532.36
13263,1,35,7454.07
12709,15,13,7394.36
12474,17,18,7375.79
15465,19,18,7354.62
12583,2,15,7281.38
13018,16,28,7277.7
18229,11,20,7276.9
16923,12,19,7247.61
16729,38,21,7239.92
16745,86,17,7194.3
13777,0,26,7128.16
16558,0,19,7081.8
16672,2,19,6959.5
16187,31,15,6911.44
17677,1,23,6840.82
15601,11,14,6776.56
13576,10,18,6717.34
13001,4,11,6701.22
16746,4,18,6697.66
16353,3,23,6675.71
16033,5,18,6668.55
18102,0,17,6602.21
17811,4,38,6566.18
16814,14,21,6509.1
12431,35,15,6487.45
13102,1,24,6424.09
13871,22,13,6403.25
15005,15,28,6316.57
12980,157,8,6297.78
17315,1,38,6292.26
12683,4,13,6288.72
14367,8,13,6250.84
17581,0,21,6245.78
13488,17,11,6228.1
14057,23,17,6217.96
15194,3,14,6194.86
14060,4,19,6140.42
13418,11,18,6127.43
17509,57,8,6115.14
13090,8,12,6108.73
14735,3,32,6065.69
13985,4,14,6041.91
13097,32,10,6010.42
13458,7,11,5956.39
16684,11,15,5946.38
13534,2,25,5870.08
14031,7,11,5840.61
13050,14,17,5836.86
16713,18,14,5807.61
12989,3,14,5782.91
12720,2,25,5781.73
13881,3,12,5763.52
15218,10,11,5756.89
15023,3,10,5750.77
13178,26,11,5725.47
13468,1,37,5704.97
15249,31,12,5686.64
14110,3,12,5683.15
13004,11,18,5655.91
18118,10,26,5653.82
14688,7,21,5630.87
17757,1,30,5605.29
12839,2,14,5591.42
16161,1,19,5575.56
13969,7,15,5561.09
16333,7,11,5559.92
15144,8,16,5549.74
16985,17,10,5464.12
16265,9,9,5447.0
18198,4,17,5425.56
17719,37,15,5396.04
17850,372,34,5391.21
13269,1,15,5346.23
13324,36,9,5338.71
17730,3,13,5298.48
13668,2,20,5232.13
13709,3,12,5230.81
18226,44,11,5228.05
12362,3,10,5226.23
18172,14,18,5212.88
13756,2,14,5189.52
16191,2,13,5180.52
13599,1,21,5153.67
18223,4,13,5095.49
16700,8,13,5076.55
12540,19,10,5076.19
14562,3,18,5074.77
15301,50,12,5070.35
15694,0,13,5069.14
15719,32,13,5045.61
14895,7,16,5020.57
14755,9,11,5010.28
15547,7,14,4954.84
12437,1,18,4951.41
14709,15,13,4921.04
12664,8,9,4881.88
17652,25,12,4867.72
15838,11,11,4857.96
15738,18,16,4812.42
13013,1,13,4810.94
15555,12,16,4805.17
14415,19,12,4804.33
15187,1,16,4777.18
16553,163,11,4768.58
17690,30,15,4757.95
14180,10,25,4748.52
15152,9,13,4745.69
16722,17,13,4730.81
14159,19,11,4693.01
14135,1,15,4690.31
14191,1,13,4684.76
15291,25,15,4668.3
14189,2,15,4654.08
16931,5,21,4604.22
17857,32,14,4592.44
14944,29,11,4591.43
14004,43,7,4582.64
17613,22,14,4559.15
17068,12,21,4552.14
12415,24,11,4534.57
13267,2,19,4521.49
17975,15,13,4488.81
14733,16,9,4482.46
14426,23,10,4481.67
17364,0,11,4481.18
17716,22,10,4480.67
14085,2,18,4448.54
14534,2,18,4447.05
13069,0,24,4436.12
15955,24,14,4416.26
16626,0,17,4413.1
12712,28,13,4396.13
12490,5,9,4382.11
17049,2,8,4376.02
16945,21,19,4345.5
14800,47,12,4339.74
16210,9,10,4337.08
18225,3,11,4320.94
16701,8,12,4317.65
17706,4,14,4315.14
15034,15,8,4308.61
15046,9,14,4270.7
17419,11,12,4226.57
15804,0,13,4206.39
17920,4,17,4204.1
15971,17,12,4199.85
12747,2,11,4196.01
18041,11,21,4183.39
17139,15,8,4159.15
12569,2,32,4124.69
16592,4,16,4113.68
17377,23,20,4100.92
16401,1,12,4098.32
16670,16,11,4095.9
15290,4,15,4090.89
14092,7,14,4076.91
14401,4,13,4051.48
12841,4,25,4022.35
16186,22,12,4006.94
17769,12,10,3997.98
15529,22,11,3995.23
17001,0,11,3989.57
17611,7,15,3984.22
12727,10,7,3980.7
14299,8,9,3965.62
13183,7,9,3957.78
17651,11,10,3945.0
14739,4,7,3902.28
13999,10,12,3901.81
18073,114,12,3877.52
17858,5,11,3850.06
12662,0,11,3849.78
16327,14,6,3844.22
13266,11,12,3834.26
17091,2,9,3827.76
15867,5,15,3812.64
15298,2,11,3809.9
13435,5,7,3809.89
16145,8,11,3799.49
12757,15,10,3794.27
16168,10,27,3787.6
12562,8,7,3781.74
15939,89,13,3777.41
12955,1,10,3762.36
16904,4,16,3754.27
18092,2,7,3746.16
17238,2,17,3744.65
13552,66,12,3740.07
16570,15,10,3738.4
14282,3,15,3729.34
12647,22,12,3722.82
14364,108,8,3717.35
16767,30,10,3714.58
15845,17,8,3711.77
13148,29,12,3707.12
17819,71,7,3704.87
12553,8,10,3692.28
14390,10,8,3678.01
17365,12,7,3675.09
14952,59,8,3670.49
15150,17,9,3660.16
12476,25,9,3654.29
13137,10,8,3650.41
12417,3,9,3649.1
16712,9,11,3645.43
15727,16,6,3642.11
13426,0,10,3641.32
12619,16,9,3641.24
13381,31,6,3639.31
14543,28,16,3630.33
15513,33,12,3628.8
17528,1,8,3628.5
13327,38,8,3627.77
13520,58,6,3624.35
17576,8,19,3622.68
14040,40,12,3614.92
16242,8,7,3603.21
14132,2,11,3586.03
17809,16,11,3576.31
18055,7,7,3568.13
17491,1,10,3558.87
15544,9,9,3546.71
12428,25,7,3538.44
17061,73,10,3530.73
17160,31,6,3518.03
13953,7,7,3515.68
14395,2,9,3507.71
15299,67,6,3503.81
16458,2,18,3482.74
13993,42,9,3466.36
13014,10,10,3466.28
17758,19,8,3456.7
15410,84,8,3450.84
13536,1,7,3448.29
15129,50,11,3447.4
14866,10,9,3445.18
15974,39,7,3442.15
17725,16,11,3439.08
12567,96,6,3436.23
14221,42,9,3432.8
15805,23,15,3413.49
12637,67,6,3412.5
15981,24,8,3408.48
17669,42,7,3406.72
13198,10,6,3401.24
13842,58,9,3385.62
15093,18,5,3376.62
15708,40,7,3364.24
16011,8,16,3362.71
15640,16,7,3358.59
14227,26,10,3350.96
16818,10,11,3349.57
16607,17,14,3347.71
17183,7,6,3347.31
17567,7,7,3343.45
12594,37,10,3338.22
14525,43,8,3335.58
16556,66,7,3313.79
14841,53,6,3295.76
12627,10,6,3294.81
14702,1,17,3292.14
12481,22,8,3287.35
15632,15,8,3285.31
17723,127,6,3276.4
13047,31,10,3237.54
15443,1,7,3236.91
17050,96,6,3228.84
13880,21,13,3219.77
13268,17,11,3214.69
14388,10,8,3212.84
15570,7,11,3206.7
16107,17,7,3204.16
17220,24,14,3198.25
13139,16,6,3191.32
13758,11,7,3190.55
14844,63,4,3189.81
17231,12,10,3174.32
16837,31,11,3170.98
15861,12,8,3165.36
12500,23,10,3161.17
17338,161,5,3142.48
12444,21,4,3135.26
13742,16,12,3131.02
16156,8,9,3122.04
16326,5,14,3110.96
16678,2,12,3109.99
14099,16,11,3104.17
15491,95,6,3100.09
17059,29,5,3095.04
13362,9,4,3090.74
15998,36,5,3089.97
16218,29,7,3084.68
18272,2,6,3078.58
16549,10,9,3075.37
12910,23,8,3075.04
13631,99,11,3070.42
16686,47,7,3062.83
14456,5,9,3062.4
17799,22,10,3055.93
12957,25,7,3048.64
16393,2,13,3046.21
12867,96,6,3025.74
12598,9,8,3023.08
12395,19,12,3018.63
18094,81,7,3017.3
12347,2,6,3015.68
12916,138,4,3006.15
15514,12,10,3003.14
15521,40,8,3000.2
17659,17,12,2999.46
12779,189,7,2999.41
17504,206,9,2997.03
12670,10,5,2996.05
14307,88,6,2995.72
15687,8,9,2993.1
13451,26,5,2976.15
14032,2,11,2975.59
15854,4,12,2974.65
14868,3,8,2953.59
17593,3,4,2941.72
16316,64,8,2938.91
14961,154,5,2930.28
14530,25,6,2925.91
17512,28,10,2924.99
15606,61,9,2920.16
17340,80,7,2918.99
14112,22,7,2915.15
17937,8,6,2907.66
14291,1,10,2898.37
17644,1,11,2895.64
14547,3,7,2890.46
18144,7,12,2888.75
12408,32,5,2888.55
13988,19,5,2886.15
16633,17,6,2883.1
17450,11,9,2876.28
15628,4,9,2870.24
14711,10,11,2868.8
15482,45,7,2863.5
16928,80,17,2847.6
15984,2,10,2837.67
14505,17,5,2837.6
14852,58,6,2836.69
14572,3,7,2832.84
17596,23,7,2827.93
14903,21,5,2810.63
18230,9,7,2810.2
13230,4,14,2806.97
17173,5,7,2803.42
16705,0,13,2801.74
13340,45,4,2799.83
16764,3,13,2799.25
15993,8,7,2797.57
13769,2,10,2796.51
17739,11,7,2791.35
17213,40,7,2781.23
12388,15,6,2780.66
17838,26,5,2779.3
13870,2,8,2770.94
15356,31,10,2766.5
15114,30,10,2760.56
14854,78,7,2759.83
17416,77,4,2758.4
13971,18,8,2758.26
16655,17,5,2752.21
15251,9,7,2752.09
14808,39,8,2741.17
15696,33,8,2736.46
12840,143,4,2726.77
12708,29,10,2712.91
15796,1,8,2711.56
16609,135,5,2710.04
17069,28,9,2709.7
13285,23,4,2709.12
13654,43,6,2707.33
14107,51,7,2703.23
14732,8,8,2702.49
18097,7,6,2697.8
12939,64,4,2695.32
15125,25,10,2694.5
17346,3,15,2676.56
15505,52,4,2666.8
14713,9,11,2666.36
16843,42,10,2666.22
15671,18,7,2657.13
16019,46,8,2656.89
12721,31,6,2656.13
18260,172,6,2643.2
17655,10,7,2638.94
15752,39,7,2637.38
13804,30,7,2635.79
13771,64,4,2634.45
17402,4,13,2633.85
18077,8,11,2633.01
12949,30,7,2632.92
12502,127,4,2631.52
13225,60,4,2630.2
13644,16,4,2624.26
17965,37,14,2622.57
16255,16,8,2619.91
14262,8,8,2618.23
13021,4,9,2616.38
14397,2,19,2612.96
12836,59,4,2612.86
18075,23,10,2611.75
12726,28,7,2609.1
15416,64,3,2609.08
16241,9,13,2607.87
13136,56,5,2607.61
14408,10,7,2606.53
13983,29,12,2603.43
12600,28,10,2599.04
16919,156,11,2596.45
12705,15,5,2595.32
14243,8,10,2588.77
15033,4,10,2586.67
13911,57,9,2580.91
14546,5,5,2578.09
16912,28,11,2575.38
18245,7,7,2567.06
15572,4,7,2552.86
14334,16,8,2552.21
14701,10,9,2549.37
14676,31,6,2548.24
14776,51,11,2538.3
17700,16,4,2534.64
14907,3,6,2529.97
14659,8,9,2529.93
17314,24,8,2527.92
13975,31,6,2526.28
17449,2,7,2520.86
13394,1,8,2520.02
15271,7,15,2507.07
12352,36,8,2506.04
16360,4,5,2505.48
13695,31,15,2504.13
12517,28,5,2502.84
15932,4,8,2495.87
16477,63,7,2494.46
14503,3,5,2491.42
12483,17,8,2484.98
16710,19,10,2483.04
14315,44,6,2481.13
13588,15,9,2478.95
14062,71,6,2478.04
17682,10,6,2474.33
17188,11,7,2474.23
14766,8,6,2473.37
14502,19,11,2470.67
13093,275,4,2469.92
17164,32,7,2467.35
15750,2,8,2465.48
13784,9,11,2462.79
14163,87,4,2445.91
15527,18,8,2429.78
17071,28,9,2429.03
13949,2,6,2427.32
16143,3,6,2424.94
17722,96,4,2424.04
15373,8,12,2415.91
17589,60,4,2404.17
18065,5,14,2392.83
15370,40,7,2386.05
17530,1,10,2385.0
14493,7,5,2383.24
14239,43,11,2380.85
15270,15,7,2379.49
17434,2,7,2373.82
13908,79,4,2369.55
15755,10,6,2364.25
12457,66,7,2363.23
17634,36,9,2361.97
14030,18,8,2360.09
14440,8,5,2357.68
15140,52,7,2354.25
14309,8,9,2352.53
12766,3,3,2341.39
12704,7,8,2340.84
12584,3,9,2338.15
18257,39,8,2337.63
12524,9,6,2335.95
13082,126,8,2335.53
17954,5,12,2332.72
15281,58,9,2332.15
12782,4,5,2330.92
15785,32,5,2328.97
17744,3,6,2322.4
17211,26,8,2317.22
14290,11,5,2314.65
15365,25,7,2314.32
13994,3,6,2313.14
13704,5,9,2308.06
16735,78,5,2300.56
16550,108,5,2298.97
15105,18,7,2298.93
17396,39,5,2298.9
12472,32,4,2297.72
13115,11,4,2294.78
15704,140,4,2293.62
12615,2,4,2291.19
13527,33,7,2287.51
17696,38,8,2285.71
12684,7,7,2283.63
16782,10,13,2279.9
14466,29,7,2272.4
13700,26,10,2265.12
16057,16,7,2263.12
14769,2,6,2259.09
14432,9,6,2255.51
16293,21,10,2248.99
17442,36,6,2248.56
15235,217,12,2247.51
16771,33,5,2246.81
14211,53,9,2241.1
16743,29,7,2238.09
14560,7,22,2237.77
14700,32,3,2235.3
16076,3,10,2234.73
14825,3,12,2226.91
17591,73,7,2225.97
12783,2,6,2225.91
12749,3,4,2224.45
15722,35,5,2222.56
14292,7,7,2221.57
12678,42,8,2219.61
15811,22,6,2218.62
15379,169,6,2211.83
13862,18,8,2209.36
13831,16,6,2202.99
15502,15,9,2202.85
13680,1,3,2202.31
16628,29,5,2188.05
15394,9,4,2183.54
14341,45,8,2182.28
12856,7,6,2179.93
12909,39,5,2178.67
15622,43,8,2172.36
13755,3,9,2161.35
12935,2,7,2160.7
16456,99,5,2158.37
14407,107,6,2157.73
16379,4,4,2157.4
16966,8,7,2154.97
15903,9,5,2153.16
17272,42,4,2148.63
12480,143,3,2144.95
12643,172,5,2142.42
17400,126,5,2129.96
17863,80,5,2127.3
16407,12,10,2126.93
14640,24,6,2125.08
15058,25,11,2124.99
13632,24,5,2121.27
18061,21,10,2119.41
18008,70,9,2116.19
14691,30,5,2114.33
13265,53,5,2107.66
18173,86,4,2106.84
18093,93,4,2106.52
14515,17,6,2102.09
17861,3,8,2100.8
15815,63,5,2100.6
13126,4,8,2099.64
17191,28,7,2095.13
18283,3,16,2094.88
13571,12,12,2092.32
17490,0,7,2092.32
18044,4,10,2088.6
14810,40,11,2087.88
16954,0,9,2085.08
18231,192,5,2083.27
14696,4,7,2078.95
14209,10,6,2073.43
18241,9,17,2073.09
18219,2,10,2069.77
14482,18,6,2068.15
12948,16,7,2064.95
12928,35,5,2062.7
12518,0,5,2056.89
14235,75,4,2056.36
17667,66,5,2055.51
14188,30,6,2054.36
16150,42,5,2053.02
17086,7,6,2050.08
17612,53,6,2048.45
14232,42,5,2048.07
17625,18,4,2047.0
13495,7,5,2044.87
17090,4,7,2043.95
13450,26,6,2043.72
13593,108,5,2037.08
18069,26,5,2036.67
14639,52,5,2036.33
13630,5,7,2031.78
16409,36,5,2028.88
16358,1,4,2027.5
14506,17,5,2012.17
16098,87,7,2005.63
14730,1,8,2005.06
14217,1,17,2004.98
14462,66,11,2004.02
15493,32,5,2001.8
13305,4,10,2000.86
17827,5,5,1995.46
18204,71,3,1993.7
13246,18,6,1987.3
13590,11,6,1981.92
17422,16,6,1979.37
16341,24,4,1971.87
17997,74,8,1970.67
12674,38,4,1970.6
13437,14,6,1967.16
17790,26,14,1965.55
17218,4,10,1960.72
15351,12,7,1960.11
15484,1,3,1957.79
14498,42,5,1957.32
12853,134,6,1957.1
13384,30,5,1955.25
12370,51,3,1954.87
17554,1,5,1952.45
14533,24,7,1949.72
14653,1,7,1947.55
15814,16,4,1945.33
15518,64,8,1942.45
14418,3,3,1937.25
14472,103,8,1936.84
15864,22,6,1936.32
12528,9,6,1933.48
14655,8,4,1932.23
14565,95,3,1931.71
14978,72,5,1931.42
16983,12,7,1931.25
13094,21,12,1927.32
12626,23,5,1925.03
16942,12,9,1920.59
13027,155,3,1920.0
15021,8,9,1914.82
17368,23,8,1912.67
15673,88,3,1911.07
16426,2,10,1908.25
17228,15,8,1906.09
14210,105,6,1905.84
15819,49,4,1905.45
17685,16,6,1905.12
16905,5,6,1896.62
17463,16,5,1896.41
17870,2,12,1894.35
13735,24,3,1893.68
15641,105,4,1887.2
18139,17,3,1885.74
16170,50,6,1885.05
13890,1,10,1883.81
16128,17,5,1880.22
17738,19,4,1879.05
15367,57,4,1877.59
17230,264,7,1877.15
17293,8,9,1875.11
13982,39,4,1871.81
16474,7,7,1871.5
17469,16,5,1870.97
16841,36,6,1869.82
14524,31,9,1867.68
17787,152,4,1865.19
16201,3,4,1863.47
16717,32,5,1862.82
12423,0,8,1859.31
17873,80,5,1859.16
12963,8,8,1856.63
12456,44,2,1855.81
16979,3,6,1852.0
12383,184,5,1850.56
17519,17,6,1844.02
18180,4,6,1843.75
16102,42,3,1842.14
16455,63,7,1841.18
14113,3,4,1840.42
14216,3,4,1839.3
13924,1,6,1838.85
13650,16,6,1836.34
15827,73,14,1836.09
13048,14,4,1835.91
14665,60,5,1835.7
15203,25,6,1827.8
18122,8,6,1826.21
17702,30,4,1824.37
16153,49,5,1824.23
17705,3,9,1823.52
16169,8,4,1822.97
17828,22,4,1820.09
17629,5,8,1814.12
15260,100,7,1810.77
14626,23,3,1806.88
12685,28,5,1805.9
13481,45,5,1804.56
17663,25,7,1802.91
15812,107,5,1801.14
16249,52,5,1800.07
13562,81,3,1799.33
17750,5,9,1797.57
17648,60,4,1797.5
12348,75,4,1797.24
15769,40,6,1796.84
17133,15,5,1796.22
13134,85,4,1793.58
18179,9,6,1793.17
13510,1,4,1791.56
16719,14,7,1790.42
12523,19,11,1789.77
14215,11,6,1789.72
14621,1,5,1788.36
13875,53,5,1786.79
14608,4,4,1785.15
18145,12,3,1782.08
15220,51,6,1778.96
17092,50,4,1777.78
12645,33,4,1775.18
17754,0,5,1772.26
15594,15,5,1771.78
12656,17,3,1771.7
15473,14,7,1771.2
14387,32,3,1770.56
16681,72,6,1770.34
13456,17,6,1766.72
15950,31,4,1765.51
13015,197,4,1763.04
12823,74,5,1759.5
15241,66,8,1756.44
16359,7,9,1750.92
13564,144,3,1749.02
13808,5,5,1747.66
15067,78,3,1744.76
14422,0,4,1744.71
13157,49,4,1741.22
17930,35,5,1740.48
17353,129,2,1740.0
17457,126,5,1737.7
14607,18,4,1737.42
14673,3,5,1736.4
17043,32,4,1735.18
14146,81,3,1724.41
16791,29,7,1721.78
17451,1,7,1721.4
14834,17,6,1720.3
17162,28,10,1715.46
17147,22,4,1714.59
16873,127,3,1713.83
14441,0,4,1712.89
13209,30,5,1711.33
14257,64,4,1710.8
12407,49,5,1708.12
15240,44,5,1706.57
15065,37,3,1705.78
17282,130,3,1703.41
12843,65,8,1702.26
16007,47,4,1701.94
16871,22,5,1701.83
13184,14,10,1701.29
17193,35,7,1699.3
13824,32,5,1698.94
17386,99,5,1697.34
16775,10,11,1695.66
13883,10,4,1694.07
16813,8,10,1692.98
15380,8,5,1690.26
13162,122,4,1688.29
13577,25,4,1687.6
12380,56,3,1684.42
16638,22,10,1680.72
17602,23,3,1678.91
13647,9,4,1678.12
13149,14,4,1676.06
17656,73,5,1674.69
16115,9,8,1667.97
12912,2,5,1662.3
12530,59,4,1662.28
13012,9,8,1661.84
15214,1,8,1661.44
15024,9,10,1661.33
14045,109,4,1659.75
15953,15,8,1659.38
13081,29,4,1656.79
15826,56,3,1654.31
14535,127,2,1653.91
14573,179,9,1653.42
17284,60,6,1652.58
16711,3,5,1651.03
14837,89,4,1649.5
13750,53,5,1647.26
12520,79,4,1646.84
12657,11,4,1643.18
15002,115,4,1641.76
13627,59,5,1638.47
12449,129,2,1636.88
12830,37,3,1635.76
12597,19,3,1634.77
15122,114,3,1633.78
13658,9,4,1629.9
17673,1,6,1629.12
16515,52,5,1627.13
14759,4,3,1625.97
16987,3,7,1625.05
13425,108,3,1624.21
15172,8,5,1624.05
14937,56,3,1621.88
17101,10,4,1621.73
14178,8,7,1620.93
14251,1,4,1620.24
16801,163,4,1619.73
13895,28,3,1619.26
18161,15,5,1618.69
14336,16,4,1614.91
16992,10,5,1614.31
14312,46,6,1611.59
13614,24,4,1610.46
14918,115,2,1610.15
12868,185,6,1607.06
16817,2,9,1604.75
12947,143,6,1603.99
16466,33,7,1603.46
14719,1,5,1602.13
14587,18,9,1601.14
15660,25,9,1600.86
12931,21,8,1600.06
16308,107,3,1600.0
16496,8,3,1599.52
16180,210,3,1598.28
17837,42,8,1593.38
16332,28,7,1593.2
16676,33,4,1592.12
14970,68,4,1592.06
15611,9,13,1591.45
18178,128,4,1590.81
13471,1,3,1589.91
14442,204,2,1589.82
13869,262,3,1584.96
12393,72,4,1582.6
15532,25,4,1580.93
16889,194,3,1578.67
13634,33,5,1575.16
13505,166,2,1573.43
17671,15,4,1572.71
16283,5,5,1570.81
15906,19,7,1567.69
17085,123,5,1566.65
17204,175,4,1564.56
16440,29,3,1561.88
18239,218,5,1561.61
14038,78,3,1560.38
16258,127,2,1555.8
16394,56,5,1555.34
13313,22,5,1555.32
16003,29,4,1554.37
16369,18,3,1553.66
15620,56,3,1553.18
15117,14,5,1551.78
16497,203,5,1550.7
17686,7,4,1549.71
13320,78,4,1548.7
14229,51,3,1547.2
14704,11,9,1546.91
16790,3,6,1545.62
13397,72,5,1544.13
15701,2,4,1542.14
16365,17,9,1540.42
17159,21,3,1538.88
14101,142,2,1536.6
12877,3,12,1535.77
15392,4,4,1535.53
15625,103,4,1534.26
14121,3,3,1532.74
13107,44,4,1531.62
12759,52,3,1531.44
14321,10,5,1530.75
14567,56,2,1530.36
15916,16,8,1528.09
16434,29,7,1522.25
16066,16,5,1521.87
13764,70,3,1521.76
13213,56,5,1520.58
16880,30,7,1519.08
14267,162,3,1516.24
13791,127,2,1516.0
16748,17,5,1515.9
16910,4,8,1510.06
16279,21,3,1509.58
16016,3,8,1508.76
15265,151,2,1506.12
12937,15,4,1504.27
15530,21,4,1502.35
16762,19,3,1501.38
13810,28,3,1499.01
17571,50,4,1498.51
14414,91,7,1496.98
16755,114,3,1496.83
17002,85,3,1493.73
13110,31,7,1488.67
13692,24,3,1488.32
14963,9,5,1487.8
16395,60,5,1486.9
14878,12,9,1485.54
15808,306,2,1485.12
14145,46,2,1485.0
14758,144,4,1484.06
18016,32,5,1483.56
15427,33,3,1483.14
13555,73,2,1479.46
17590,2,3,1479.22
14403,130,4,1475.81
15983,22,4,1475.02
12826,2,7,1474.72
14404,33,6,1474.32
14246,110,3,1474.06
15128,60,4,1471.0
16348,32,7,1469.45
14233,49,4,1462.72
12613,197,4,1462.52
14541,58,8,1461.65
17063,21,7,1461.14
16059,65,6,1459.86
16996,30,6,1456.96
13309,7,5,1456.79
13477,37,6,1454.58
15987,12,7,1451.28
14740,197,3,1448.21
15426,19,5,1447.39
14591,15,4,1447.14
14842,43,3,1446.21
17073,17,4,1446.09
13717,32,6,1445.01
13461,38,3,1445.0
17175,44,4,1443.69
15478,40,2,1441.42
16618,210,4,1441.29
15858,15,5,1438.85
14071,3,8,1438.82
13159,8,4,1437.85
12557,256,2,1437.5
16503,106,4,1431.93
13475,191,4,1431.78
16103,7,6,1429.64
16271,2,5,1429.24
14035,28,5,1428.02
15681,25,5,1426.16
13448,218,4,1423.26
15106,17,5,1422.52
16463,21,4,1422.4
16571,26,3,1421.69
14019,46,3,1421.61
14901,11,9,1421.29
14443,53,4,1420.2
17288,9,7,1419.73
16173,15,6,1418.32
18116,67,8,1418.03
17856,1,4,1418.03
14649,4,4,1417.29
14748,29,5,1415.75
16012,35,3,1415.29
16245,23,3,1413.66
15237,1,4,1412.32
15596,100,5,1406.59
17083,109,3,1405.78
12913,4,4,1401.49
13174,16,2,1401.06
13141,214,4,1401.03
15563,22,4,1400.44
14741,11,6,1400.34
15296,109,4,1400.16
18202,199,3,1396.99
17131,33,4,1395.84
13995,15,5,1393.69
15810,78,4,1391.98
15051,23,3,1391.61
13414,133,3,1390.5
13516,21,3,1389.41
15898,1,5,1388.88
16539,2,4,1388.81
15453,1,7,1388.37
15134,14,8,1387.99
17924,11,6,1387.98
12952,5,4,1387.79
17676,4,6,1387.68
12775,17,5,1386.04
13308,22,3,1385.51
18167,23,3,1384.86
17311,78,2,1384.85
14507,23,6,1383.18
14116,19,5,1382.74
16389,53,4,1382.07
16726,26,5,1382.02
17621,21,3,1379.9
15674,213,4,1379.66
12886,67,2,1378.4
15569,103,5,1375.71
16669,23,3,1374.87
12906,11,4,1372.95
14434,21,6,1372.8
15095,103,4,1370.6
13813,39,4,1366.86
14897,7,4,1366.38
18210,1,5,1363.01
14102,5,5,1360.28
15411,26,4,1358.88
13232,12,7,1357.6
17054,28,5,1356.33
14859,12,4,1353.74
14064,29,5,1353.74
15116,17,4,1352.75
12668,11,2,1352.55
16079,16,3,1352.0
16493,79,4,1351.63
12646,4,2,1346.97
14329,17,4,1345.82
14154,239,2,1345.62
15398,16,2,1345.53
12463,53,4,1344.78
12429,9,2,1343.5
17372,40,8,1342.68
16317,119,3,1341.65
13743,2,7,1341.6
18177,31,6,1341.42
16045,119,4,1340.7
15734,114,2,1339.45
12620,14,3,1339.41
15059,40,9,1337.72
16110,45,3,1337.48
12919,8,6,1335.19
15680,9,3,1333.68
17932,29,3,1331.57
12676,24,6,1331.39
16295,9,4,1328.55
15146,164,2,1327.16
17633,31,4,1324.84
12854,78,3,1324.5
17095,22,3,1324.16
16370,82,4,1320.56
14794,2,7,1319.91
15288,43,4,1319.77
13168,36,4,1319.19
12526,0,3,1316.66
14921,30,2,1316.07
12576,35,5,1315.83
14511,11,5,1314.81
16464,19,3,1314.68
14738,42,7,1314.45
14973,107,3,1314.45
13317,198,5,1313.98
16040,65,3,1313.55
12364,7,4,1313.1
12516,77,2,1312.06
14477,19,4,1309.6
14047,8,5,1308.61
12714,179,2,1306.88
13901,72,4,1306.11
14297,17,4,1305.33
12507,134,3,1304.81
16744,11,7,1304.76
15813,207,2,1303.91
14898,23,6,1303.52
15108,141,4,1300.25
12488,9,3,1298.66
12372,71,3,1298.04
15602,8,9,1297.87
17961,21,39,1296.44
16929,3,7,1295.39
16224,57,4,1295.3
15621,4,4,1293.03
13523,46,3,1290.5
15136,2,4,1286.7
16949,3,6,1286.27
17350,8,4,1286.07
17802,82,3,1285.04
16899,7,6,1281.56
13538,43,7,1280.85
17768,8,2,1273.18
17019,11,4,1272.61
16131,51,4,1272.54
12394,63,2,1272.48
12630,9,2,1270.88
14669,241,3,1269.99
13492,136,3,1269.84
13431,67,2,1269.1
14916,70,4,1268.98
15199,59,4,1268.7
18259,85,2,1268.2
16660,16,4,1267.65
17158,32,3,1266.97
13989,65,2,1266.08
15245,134,2,1264.36
16842,100,3,1264.19
15009,12,3,1261.78
16688,1,4,1260.86
17388,77,4,1259.56
17412,2,7,1258.06
14931,4,5,1257.68
16639,31,3,1257.51
17481,3,4,1255.59
13848,92,3,1255.0
15228,169,2,1253.45
17262,52,5,1253.36
14698,1,5,1250.76
14226,28,4,1248.89
14383,38,3,1247.69
12689,25,2,1247.61
13029,30,3,1247.5
12494,15,7,1246.1
13860,1,5,1245.9
14428,7,5,1244.83
16531,22,7,1244.59
17584,7,2,1242.3
17588,100,3,1240.2
17731,79,4,1240.11
12985,0,2,1239.38
13476,178,2,1238.47
14893,9,2,1237.85
13931,95,2,1237.53
13507,3,3,1236.78
15201,87,5,1236.54
14684,25,5,1236.28
15376,40,3,1233.36
15910,0,8,1232.18
18080,18,2,1231.5
18171,58,5,1231.31
14913,35,4,1227.43
12997,22,4,1226.89
12412,74,3,1226.88
12473,29,3,1226.71
17774,96,4,1225.41
15841,72,4,1224.06
13208,58,6,1223.9
16794,1,10,1222.71
14745,112,5,1220.26
15227,36,5,1219.4
12432,42,3,1219.2
13491,51,10,1215.82
17410,16,5,1214.72
13055,78,3,1214.41
18263,25,3,1213.16
12464,10,8,1212.05
17653,36,4,1207.56
16081,56,4,1207.35
14175,171,2,1205.99
15737,14,8,1205.12
15834,70,3,1202.38
13158,94,4,1201.06
17320,100,3,1200.62
15089,10,5,1199.28
17800,37,9,1199.01
15605,36,5,1198.23
13118,19,5,1197.81
13211,10,3,1197.42
16042,22,5,1197.27
17867,30,6,1197.1
14487,26,6,1196.33
17720,26,4,1195.94
17526,4,4,1195.9
15145,4,4,1194.73
17940,49,8,1193.14
13882,2,5,1191.13
12462,18,2,1189.59
12451,10,2,1188.14
16612,32,4,1187.66
15630,45,2,1186.35
13752,124,6,1186.28
15581,122,12,1179.97
17058,81,3,1179.89
16950,56,3,1178.56
12885,63,3,1175.22
12640,23,3,1174.58
15306,64,3,1174.35
14857,59,2,1173.12
13611,89,3,1171.8
18168,176,6,1169.94
12358,1,2,1168.06
13500,23,3,1166.77
14737,3,3,1164.55
14447,18,5,1163.23
14554,10,3,1161.79
12546,46,2,1161.5
15088,21,2,1160.07
17348,14,5,1159.52
13499,17,5,1159.11
16184,64,6,1158.79
14723,10,6,1158.3
13744,95,2,1156.36
16637,32,4,1154.47
16062,9,4,1153.62
12610,22,4,1152.79
12633,58,3,1151.16
12710,96,3,1149.02
17505,161,2,1145.84
16766,273,2,1145.6
17770,198,5,1143.27
18125,29,4,1142.99
15985,123,2,1142.42
13330,92,3,1140.93
13819,301,3,1140.35
16172,95,5,1140.21
17135,16,7,1139.73
16875,144,4,1138.2
17500,17,3,1138.0
17302,14,5,1135.63
17242,108,2,1135.04
15489,22,3,1134.28
16989,7,6,1133.25
17585,109,4,1133.07
14461,148,2,1133.07
13282,18,3,1132.14
13772,33,3,1132.13
13310,28,3,1132.03
13610,12,7,1131.88
15500,8,4,1131.56
13447,23,3,1129.14
14824,10,4,1127.71
12609,78,3,1126.85
14708,2,3,1126.37
17470,44,5,1125.07
14129,1,5,1123.86
15436,12,3,1122.53
13486,78,3,1122.41
17562,14,7,1122.38
16807,142,3,1121.59
16086,59,5,1121.39
15730,65,3,1120.88
17894,71,8,1119.81
14276,98,3,1119.74
13064,12,4,1119.49
12842,70,2,1118.99
15716,145,4,1118.81
13591,64,3,1117.13
14971,35,3,1116.57
16350,21,4,1116.47
12679,58,4,1113.02
17609,40,5,1112.22
16049,40,3,1111.79
14161,215,3,1110.52
14817,200,2,1110.34
12399,119,4,1108.65
15382,184,3,1107.7
15933,21,3,1107.46
16833,1,4,1106.53
12857,210,2,1106.4
14410,92,9,1105.07
14948,23,6,1101.97
16041,30,2,1101.6
17047,85,3,1100.9
14744,16,7,1099.98
13104,3,6,1098.48
17966,37,5,1098.43
16225,44,5,1096.32
16533,19,3,1095.56
13652,45,3,1095.08
15745,19,4,1094.59
15608,28,4,1093.68
13521,1,3,1093.65
18189,77,2,1090.24
15763,31,2,1086.92
13467,10,2,1083.71
17041,26,3,1081.57
14561,75,3,1080.76
16200,4,2,1080.62
13726,38,2,1079.66
15197,10,3,1079.61
13715,281,5,1079.34
16980,255,2,1078.96
14352,157,4,1078.96
16094,11,4,1078.23
14828,254,2,1075.92
18079,45,2,1074.15
13131,23,3,1073.3
15712,9,5,1072.36
15238,29,3,1071.99
17522,1,5,1070.71
13761,50,2,1070.65
17214,60,6,1069.12
16918,49,6,1068.82
17404,4,5,1067.4
15027,30,4,1066.15
15676,18,2,1065.72
17277,227,2,1065.35
17287,26,7,1064.11
12951,8,6,1064.07
15801,46,3,1063.95
12936,17,4,1063.9
12815,147,2,1063.46
16214,170,3,1062.75
15996,88,6,1060.68
15706,63,4,1060.56
18130,15,3,1059.39
14465,246,3,1058.62
13455,24,2,1058.34
14419,10,6,1058.06
15407,33,4,1056.44
14514,61,3,1055.35
15977,17,2,1054.73
16728,46,4,1054.67
12716,3,2,1053.49
14583,5,5,1052.55
16416,26,3,1051.4
12849,31,2,1050.89
14224,110,4,1050.12
15329,39,3,1049.7
14078,101,6,1049.37
15839,33,3,1048.49
15777,241,4,1047.11
16520,186,3,1046.57
14293,3,4,1046.56
14096,44,5,1046.35
17042,2,5,1044.38
15192,119,3,1044.32
15874,177,5,1044.0
14389,65,2,1043.46
15073,9,3,1043.41
14584,169,4,1042.26
13719,15,5,1041.68
18221,22,5,1041.61
15434,8,5,1041.48
14446,0,4,1039.58
16320,172,2,1038.46
16175,94,4,1037.59
12691,28,6,1035.8
14001,45,2,1035.18
17724,71,3,1033.0
13725,49,7,1032.91
12599,29,7,1032.58
17405,1,3,1031.41
12724,5,4,1031.41
12717,151,2,1030.98
13253,156,2,1030.4
17033,86,3,1030.14
16682,4,5,1028.0
15104,196,2,1027.44
13517,59,2,1026.56
13956,5,5,1026.42
14904,2,2,1025.44
16160,65,2,1025.44
15658,190,5,1024.1
17096,15,4,1022.13
14346,120,2,1021.58
13165,46,2,1021.48
12572,8,2,1020.42
13376,99,3,1019.76
18142,157,2,1019.52
12828,2,6,1018.71
12484,32,3,1018.57
14083,4,9,1018.43
17203,35,4,1016.61
13728,36,6,1016.14
13867,31,3,1015.29
12642,25,3,1013.26
14195,201,2,1012.0
14775,58,3,1011.9
16229,87,2,1010.6
13032,52,2,1010.18
16572,127,3,1009.6
16174,126,3,1009.55
17951,39,3,1008.54
17646,219,3,1008.39
18242,72,3,1007.0
14631,50,3,1006.98
13429,10,4,1006.8
17126,152,5,1004.75
14214,30,5,1004.38
13410,24,5,1003.06
17337,151,3,1001.15
12545,75,2,1000.39
15508,189,6,1000.27
18143,116,2,1000.16
12722,85,4,997.63
14540,9,3,996.26
15110,23,4,996.1
14360,31,3,993.54
17594,85,2,993.18
16009,22,4,992.71
13363,17,2,992.5
14223,92,3,991.13
16232,43,4,990.88
17324,17,4,990.23
15062,71,4,987.86
18237,2,5,987.1
16376,8,2,987.01
13117,21,8,984.91
17144,1,2,984.57
12510,142,2,982.57
15133,127,3,982.42
14138,1,2,982.38
15071,93,2,982.07
16188,44,4,981.86
16907,29,5,981.65
16085,23,5,981.51
12541,29,3,981.18
18170,33,3,980.31
13509,8,7,979.72
15506,22,3,979.26
13350,16,2,979.12
15132,18,5,977.93
14920,212,2,977.77
14005,75,4,977.68
15860,40,8,977.21
15782,9,2,976.4
13026,1,5,975.36
17088,28,3,975.18
14522,24,4,974.54
15449,26,3,974.52
12994,4,3,974.42
15747,12,3,974.04
14409,71,5,972.62
16419,112,6,972.23
13155,33,4,971.76
17100,18,2,971.74
17618,5,3,971.58
14256,260,2,969.06
15907,3,3,967.45
15793,14,3,965.61
13138,22,6,962.39
14006,115,3,962.19
15156,1,3,961.49
14629,4,2,959.01
13823,18,2,957.66
12697,28,3,957.59
15948,8,2,955.24
17097,2,8,954.42
15835,44,4,954.09
17406,333,2,952.1
16934,54,2,950.93
15421,58,4,950.36
16511,21,3,950.26
13636,36,5,949.12
12822,70,2,948.88
13748,95,5,948.25
15787,26,3,948.05
12458,71,2,947.4
15098,182,2,946.5
15707,35,4,945.58
17289,31,3,944.41
13261,268,2,944.1
12820,3,4,942.34
14075,4,3,942.26
15576,37,1,940.67
15289,29,3,939.78
17527,53,4,939.37
17227,18,6,939.32
16584,80,2,936.08
14140,3,2,935.05
16027,91,6,934.62
14081,302,2,934.52
17511,44,4,934.46
12924,88,4,933.7
16657,9,4,933.62
13655,114,2,932.97
17728,3,2,932.88
14532,236,4,932.85
18133,212,1,931.5
17552,60,4,930.41
15980,88,2,930.28
16209,88,4,926.42
14475,71,3,925.85
14231,183,3,925.71
17048,117,3,925.35
15312,75,4,924.85
13805,52,2,924.6
15654,9,2,922.53
13122,94,2,922.39
16551,95,3,922.12
13934,263,1,922.1
13035,73,2,921.88
15179,18,4,921.33
17323,15,7,921.07
13984,26,5,920.51
17018,40,2,920.1
12652,331,1,919.98
13075,129,1,919.61
15253,16,5,918.2
13549,25,7,918.2
14015,52,1,917.34
14712,29,3,917.07
17236,12,6,916.13
14141,2,4,915.13
16216,267,1,914.93
16809,23,5,914.69
15587,50,4,913.68
12940,54,2,913.54
15364,95,2,913.19
14359,19,3,912.18
13782,12,6,912.0
13192,95,2,911.94
13722,131,2,911.94
14289,8,6,911.26
18096,11,3,911.15
13689,63,1,910.0
15511,11,5,909.23
13038,80,3,908.46
14449,18,4,907.1
17084,35,1,905.65
15480,116,1,905.5
15022,11,4,905.04
15807,50,3,903.9
14544,24,1,902.53
17566,8,2,901.21
16716,266,2,901.2
17848,81,9,901.2
14625,196,2,899.63
17886,31,3,899.61
13662,85,3,897.76
17537,29,2,897.62
16361,9,4,896.66
15079,212,4,895.61
15865,40,3,895.13
15211,60,2,894.41
15066,53,1,893.59
12772,59,1,892.47
16126,296,1,891.35
13515,72,4,891.12
15255,66,1,890.85
14240,30,2,890.34
17027,78,6,890.29
12438,140,1,890.07
14344,127,8,889.93
17007,50,6,889.93
14623,32,5,889.25
17829,298,1,889.24
16347,11,2,887.65
13344,67,2,887.57
16900,16,3,887.11
15822,3,2,885.47
17704,168,2,885.19
17109,29,6,885.04
15799,75,3,884.14
14597,11,2,883.15
18236,29,6,882.24
13037,138,3,881.07
15076,172,1,880.85
15653,92,2,877.44
14770,232,2,876.42
15100,333,3,876.0
13566,40,2,874.71
16513,4,4,874.59
13294,189,2,873.74
12847,22,1,871.54
15208,1,5,870.12
13200,19,4,870.09
13979,73,1,869.87
12694,70,2,869.67
13203,9,4,869.46
17649,138,1,868.49
14912,16,2,867.85
14715,24,4,867.38
16235,40,5,867.31
16121,57,2,867.11
14332,22,3,866.31
16567,194,2,865.6
13846,24,3,865.06
16221,36,3,864.86
16709,199,3,864.06
12680,0,4,862.81
16266,73,7,861.89
12794,53,2,860.41
13339,200,1,860.12
14577,12,4,859.71
17064,58,3,859.35
14553,19,5,859.27
16163,232,2,856.6
13991,12,6,855.97
12693,127,4,855.91
16037,269,3,855.02
12878,236,2,854.99
17560,94,4,854.95
17426,8,3,854.83
16877,12,6,853.72
14193,67,2,853.39
18087,98,1,852.8
12379,81,2,852.24
16070,22,2,852.15
16020,16,3,851.01
15157,3,2,850.61
12713,0,1,848.55
14657,17,4,848.22
13221,240,2,847.41
16924,21,3,846.75
16222,318,1,846.72
15965,17,4,845.64
14803,162,3,845.55
17624,14,2,843.48
15164,68,3,843.05
17929,11,4,843.0
13929,169,2,842.65
16108,84,1,842.5
12560,5,2,841.7
16560,26,2,841.41
14862,25,2,841.2
17076,36,3,841.08
13940,17,4,839.14
17115,8,3,837.5
16554,42,3,837.1
15832,254,1,836.79
12728,71,4,836.33
16747,37,2,836.06
18287,42,2,835.96
17169,57,2,835.78
17759,17,3,834.99
13835,25,4,834.57
17075,17,4,834.12
16644,177,2,833.78
15862,8,4,832.88
14644,67,2,830.76
14934,282,1,828.84
13681,17,4,827.83
16303,333,1,827.18
12461,94,2,826.88
12781,63,2,826.74
16494,296,1,826.53
17921,64,4,826.52
15525,2,3,825.92
12427,21,3,825.8
16869,22,4,825.42
13421,290,1,825.04
16182,294,1,825.0
16284,31,2,823.97
16164,17,3,822.48
12778,19,6,822.23
13893,297,1,821.1
18188,15,2,819.36
13220,78,4,819.29
17764,50,2,818.82
16092,114,3,817.86
16943,211,3,816.73
16698,226,1,816.0
15649,336,2,816.0
15399,1,3,815.77
14499,26,3,815.32
13280,122,3,814.86
14305,71,2,814.76
16460,28,3,814.72
13811,183,3,814.5
18064,133,2,814.0
16600,4,6,813.52
16621,51,4,813.48
14421,57,2,813.11
15644,166,4,813.0
17980,165,3,811.45
16276,176,1,810.6
16624,80,2,810.57
13637,52,3,810.5
16891,1,5,809.7
17114,5,8,808.62
15533,19,3,807.57
12421,15,4,807.04
15952,33,4,806.57
13707,267,2,806.41
12434,84,2,806.14
13334,82,1,804.98
16367,37,2,804.49
18248,122,2,804.02
12422,95,3,803.56
15831,58,3,801.76
18265,72,2,801.51
16806,103,4,801.49
15561,11,4,800.59
17905,71,4,800.24
13720,116,4,799.9
13030,11,2,799.48
17703,35,3,798.74
14258,245,2,798.4
16438,5,5,798.35
13389,11,3,797.96
12701,79,2,797.71
17015,28,2,797.08
17180,56,4,796.03
13336,77,1,795.12
15990,44,2,792.11
13167,18,4,791.33
14976,57,7,790.86
13016,73,3,789.89
16759,7,3,789.79
13329,31,2,789.0
14557,85,1,788.38
13212,19,3,788.08
13323,3,5,787.85
13884,7,5,787.6
16546,290,2,787.15
13109,59,2,786.54
12628,4,3,786.46
15806,46,3,784.58
15743,16,4,784.46
18136,63,3,784.33
17387,19,2,784.11
16054,145,1,783.9
12455,73,5,782.96
17006,4,4,781.78
17341,156,3,781.36
15679,24,4,781.28
13583,155,1,781.03
16725,302,7,781.02
15239,10,2,780.59
17797,22,3,780.43
18228,56,2,779.9
12735,315,2,779.57
12653,296,1,779.1
17411,12,3,778.94
13375,88,1,778.65
14815,36,2,778.5
17414,43,2,778.0
16505,31,1,777.6
13563,84,2,777.53
12585,234,1,777.25
12425,78,1,777.2
15353,254,2,777.02
15618,32,4,776.85
13314,1,3,775.94
13341,260,1,775.85
14234,22,4,775.46
16825,38,2,775.18
15414,9,3,774.9
13297,7,3,774.47
16043,37,4,773.99
15075,77,1,773.03
12965,89,1,771.91
17409,184,2,771.85
14662,28,4,771.17
16770,57,5,770.1
14412,42,2,770.03
16480,75,1,769.29
13356,80,1,768.24
17516,15,5,768.08
15665,168,1,765.79
14550,10,2,765.62
14672,234,2,765.55
17695,131,2,765.34
14885,131,1,765.32
17268,107,4,763.64
17466,10,2,763.28
16470,51,4,762.39
15599,26,2,761.74
14883,18,6,761.59
16205,30,4,761.38
17425,19,2,759.17
16036,87,2,758.92
15568,2,3,758.29
12413,66,3,758.1
17979,35,4,757.71
16940,289,1,757.68
17461,22,3,757.46
15223,225,2,755.75
13370,371,1,754.87
18104,37,1,754.64
14016,357,1,753.74
13730,135,2,752.6
16256,266,1,752.43
15549,77,2,751.16
12908,176,2,750.0
18235,120,2,749.8
17146,105,3,749.78
14923,50,1,749.1
15074,105,1,748.87
15656,45,4,748.5
16859,144,2,747.81
13623,30,5,747.78
14201,60,7,747.44
16261,17,4,746.83
14050,31,2,746.36
17034,16,3,745.52
13950,11,4,745.06
14790,16,4,745.06
13236,24,2,744.85
13354,71,1,743.53
16730,52,3,743.11
12374,25,1,742.93
12465,17,2,742.19
13753,287,1,741.26
13900,183,3,740.95
17692,127,4,740.94
17974,24,3,740.79
15252,36,2,740.78
12603,21,1,739.2
14756,15,1,738.96
12976,211,1,738.6
15045,151,2,735.66
18156,12,2,734.94
15215,46,3,734.94
16362,32,5,734.77
16146,157,3,734.13
17812,12,4,732.16
13575,23,5,732.07
16099,50,3,731.9
13736,5,2,731.9
16491,46,1,731.5
14778,127,2,730.86
14936,33,3,730.74
18035,35,3,730.4
12468,187,2,729.54
13077,1,4,729.27
17666,3,2,728.16
17813,14,4,726.79
12876,196,1,726.43
17888,21,8,726.05
14869,8,2,725.7
14055,106,1,725.64
16140,65,2,725.18
15584,23,4,725.11
12723,3,5,725.07
15636,89,2,724.76
12475,53,1,723.38
17521,29,3,723.21
13196,11,3,722.96
15272,57,2,721.94
18062,173,3,720.52
16023,46,3,719.81
14179,40,2,719.78
14725,24,1,718.08
17884,3,4,717.45
15274,4,2,716.57
12535,91,2,716.35
15400,92,5,716.2
17029,110,2,716.0
15330,32,2,714.96
15757,65,2,714.42
12616,95,2,713.3
13169,63,2,712.88
13147,10,4,712.8
17761,32,1,712.78
13416,43,2,712.5
13587,63,1,712.4
13941,171,1,712.3
17642,119,2,712.29
15855,136,5,712.24
15797,113,3,712.2
13705,7,3,711.86
17179,178,3,711.79
13249,92,3,711.41
17472,191,3,710.29
14867,185,3,710.28
14127,122,3,709.71
16136,59,3,709.38
15951,8,2,708.22
16449,197,2,707.69
12453,134,1,707.09
16364,11,2,707.04
16309,106,2,706.57
14880,77,3,706.19
14126,7,3,706.13
15038,58,6,705.49
16015,3,3,705.39
16882,66,3,705.12
17934,51,2,704.25
12612,74,1,704.04
12883,24,4,703.47
18082,25,1,703.37
15103,31,2,703.36
15574,177,4,702.25
16997,288,3,702.0
14198,18,4,701.4
14356,79,2,701.23
17321,8,2,700.86
13238,17,4,700.73
17734,53,3,700.63
13365,217,1,700.6
15800,107,2,699.08
13258,11,3,698.58
17423,46,2,698.41
17796,40,4,697.9
15053,4,3,697.79
14829,29,4,697.55
13596,5,2,697.04
15700,172,2,696.68
17397,22,2,696.41
14009,198,2,695.61
14959,64,4,695.42
15304,60,8,694.4
12925,4,2,694.05
14643,170,2,693.81
12410,308,2,693.33
13601,45,2,693.32
14111,14,4,692.85
17198,23,3,692.22
17733,38,2,692.19
13838,5,4,691.73
16212,19,2,690.34
18085,330,2,689.95
13023,64,2,689.9
15181,66,3,689.48
18196,95,2,689.13
17502,9,4,689.1
13799,116,2,688.86
14245,219,1,688.35
16642,4,2,688.33
12658,18,1,686.05
16122,73,4,684.42
16495,3,3,684.41
15669,40,4,684.34
12942,131,3,683.9
12635,154,1,683.64
13316,79,1,683.58
17874,185,6,683.46
14222,177,1,683.17
12838,33,2,683.13
15582,24,3,682.91
13548,96,2,682.41
18135,29,5,681.91
15267,22,4,681.6
12478,3,1,680.99
13524,40,5,680.18
16872,77,3,680.02
15322,85,1,679.68
13430,18,2,679.45
14788,7,2,679.44
17994,121,4,678.49
13925,92,4,678.25
13607,40,1,678.01
13388,131,2,677.1
13040,8,2,676.99
16377,267,1,676.2
15626,74,2,675.8
17462,60,2,675.69
13325,81,1,675.3
16418,44,3,675.27
14250,7,2,675.22
13355,122,1,674.7
13464,58,1,674.68
17749,178,2,674.52
13951,176,3,674.45
14504,47,4,673.26
18121,149,2,673.1
14628,91,2,671.96
17883,3,4,671.77
12638,33,1,671.69
12950,2,2,671.6
17299,11,4,669.11
12418,112,1,668.58
14342,21,4,668.56
13741,71,3,668.43
16383,74,2,668.36
15031,4,4,668.14
18022,35,1,668.11
16268,71,2,667.65
15969,2,3,666.1
17777,24,3,665.86
17105,159,2,665.78
12731,252,2,665.4
16056,45,1,664.85
13963,308,4,664.54
16208,44,2,664.26
15643,191,3,664.0
14720,5,3,663.81
13240,96,4,663.65
16573,84,2,663.61
14451,60,2,662.59
14285,21,3,662.48
16014,37,3,662.38
18218,211,2,662.08
16774,67,4,661.52
13028,22,2,661.32
14603,274,1,660.0
15492,28,2,659.46
13518,85,1,659.44
13759,33,2,659.41
16357,33,3,658.88
14150,35,2,658.64
17779,21,3,658.57
16696,135,4,657.9
12577,35,3,657.8
14818,73,3,657.8
15648,204,2,657.35
17459,43,2,657.3
15677,49,1,657.23
16157,15,3,656.69
13049,64,2,656.68
16708,45,1,656.63
16127,39,1,656.25
14894,85,1,655.75
16444,46,4,654.67
14651,67,2,654.6
17398,114,3,653.38
18151,134,2,653.35
13496,10,2,653.33
15205,85,2,653.24
14044,26,4,652.82
14548,150,2,652.8
17523,11,4,652.74
14034,22,3,651.82
16734,52,3,650.51
15571,11,4,650.43
16469,23,4,650.43
16969,39,3,650.41
14595,19,5,649.31
17373,40,4,646.92
12589,28,2,646.68
15651,36,3,646.3
17545,43,3,645.96
14855,119,2,645.65
12719,5,2,644.95
17312,138,3,644.3
16431,213,3,642.81
14020,16,2,642.8
13034,54,2,642.77
14286,45,1,642.77
15384,169,2,642.41
17046,157,1,642.02
15297,10,3,641.94
12365,291,2,641.38
12624,106,2,641.13
13417,4,2,640.83
13318,1,3,640.76
12631,57,1,640.5
14301,117,1,640.14
15919,19,2,639.89
17515,31,4,639.02
18160,57,2,638.06
14754,44,2,638.05
14664,19,2,637.89
14128,60,2,637.5
17082,318,1,636.94
14481,164,2,636.51
15829,99,2,636.14
15773,5,1,635.68
14000,211,1,635.66
16139,18,3,635.41
17985,22,1,634.95
13892,26,4,632.97
14220,247,2,632.4
16306,213,6,632.27
18183,227,2,632.07
13822,5,2,632.0
14021,155,3,631.9
15244,65,2,631.57
13539,85,3,631.34
17990,236,3,630.84
13046,30,2,629.31
13525,14,2,628.78
14687,106,1,628.38
16022,260,1,628.28
15028,8,4,627.13
13546,12,3,626.99
15402,148,2,626.77
14036,284,1,626.65
12377,315,1,626.6
13914,11,2,626.45
14382,26,1,626.07
16750,44,5,623.93
16718,369,1,623.75
12649,107,3,623.51
15147,240,1,623.5
13368,256,2,623.4
15258,168,2,623.16
17499,289,1,622.88
15182,154,2,622.85
17460,94,6,622.43
15768,115,3,621.83
18217,29,2,621.75
16915,9,6,621.68
17640,86,1,621.66
14152,75,2,621.29
13402,127,2,621.23
16141,88,1,620.4
12667,58,1,620.13
14529,60,3,620.04
13493,275,2,618.63
16613,70,1,618.59
13145,39,4,618.52
12596,51,2,618.27
15111,29,2,618.18
16134,21,2,618.09
13301,103,4,618.09
14593,21,3,617.99
13814,137,1,617.54
14377,191,2,617.05
16442,1,3,616.79
16311,17,2,616.26
14905,157,2,616.15
16005,12,4,615.39
13685,3,5,615.28
15275,37,1,615.14
16566,15,5,614.66
16116,211,1,612.78
12513,112,1,612.29
18149,50,3,612.08
15232,113,2,612.06
15645,18,1,612.01
16109,218,2,611.88
16763,198,1,611.85
13731,219,2,610.59
12673,5,2,610.52
15795,149,1,610.01
13357,257,1,609.95
14636,36,2,609.85
13933,109,2,608.79
12933,24,3,607.53
15573,31,2,607.45
17119,3,2,606.91
14710,14,4,606.13
17849,218,4,605.8
14133,129,3,605.64
13888,119,2,605.63
17507,261,2,605.58
13233,74,2,605.12
13558,5,4,605.06
14323,114,2,605.06
14675,16,1,604.75
17664,18,2,604.64
12944,35,2,604.51
16732,31,1,603.75
12556,50,2,603.71
12707,291,1,603.42
17259,148,2,603.37
16938,8,3,602.98
15366,75,2,602.51
17890,322,2,602.09
12654,10,5,601.98
14609,72,4,601.56
16654,141,4,601.27
12420,63,1,600.39
18211,25,5,600.07
13243,203,1,600.07
12872,326,2,599.97
12521,142,1,599.68
14965,96,2,599.0
17420,50,3,598.83
14467,17,4,598.76
15720,24,1,598.73
13311,4,2,598.57
16298,22,3,598.2
13959,79,3,598.2
14108,30,2,597.91
17864,12,3,597.5
16788,123,2,597.48
14645,156,2,597.09
15381,213,2,596.85
18246,23,2,596.1
17658,25,2,595.42
14284,30,2,595.25
15764,88,4,594.34
16325,46,3,594.24
15442,248,1,594.0
12917,128,1,594.0
16535,5,1,593.75
13849,170,1,593.58
18232,81,4,592.97
16203,58,4,592.9
14692,137,4,591.55
13276,63,2,590.93
13452,259,2,590.0
13270,366,1,590.0
14882,26,2,589.7
18123,24,2,589.44
16723,91,2,589.15
16838,197,2,588.85
14338,161,2,588.22
15624,116,4,588.13
13186,39,2,587.55
17351,36,3,587.15
12865,26,1,586.85
17014,8,3,586.33
17360,17,3,585.79
12384,28,2,585.27
15222,318,1,585.0
16384,89,2,584.5
16072,288,1,584.32
14023,7,2,584.07
13557,28,2,584.06
15762,65,2,583.75
12426,194,1,582.73
13427,19,3,582.6
17970,211,1,582.59
12695,7,4,582.1
18095,312,2,580.05
16906,81,4,579.77
17142,239,1,579.0
13292,38,2,578.94
17540,24,2,578.9
12601,189,5,577.06
14176,297,4,576.9
12381,4,4,576.57
16916,23,2,576.26
15830,37,1,576.0
15550,4,4,575.63
16345,44,1,575.41
13487,57,3,575.4
14088,15,4,574.84
14167,39,4,574.84
14400,149,1,574.7
12784,9,2,574.42
15339,66,2,574.07
15303,290,1,574.02
12879,44,3,573.22
15415,313,1,572.81
13379,26,3,572.56
13405,74,3,572.45
17317,46,2,572.4
12816,95,2,572.2
13816,23,2,571.67
17616,173,3,571.2
15821,44,2,570.96
15315,64,2,570.5
14592,35,3,570.46
16667,68,2,570.13
13939,23,3,568.55
13321,72,2,567.36
17897,172,3,566.6
18150,32,3,566.58
16278,100,1,566.38
13894,23,3,564.62
15344,0,3,563.94
16933,1,2,563.23
14753,87,1,563.15
17265,138,2,562.9
12414,217,3,562.41
12559,310,2,561.71
13946,79,3,561.57
15655,243,1,560.67
13044,291,1,560.47
14273,51,4,559.97
16275,196,1,559.87
18043,24,3,559.51
14177,86,4,559.41
12866,283,1,559.12
17503,2,2,558.96
12987,73,2,558.7
13800,309,1,558.32
13260,61,1,557.62
17955,198,4,557.3
17295,28,3,556.95
16385,60,3,555.89
14805,15,4,554.65
14891,148,2,554.38
14618,9,3,553.44
15068,46,2,553.36
12363,109,2,552.0
17674,74,2,551.04
17444,147,1,550.94
17291,308,1,550.8
17235,25,2,550.06
12390,79,1,549.84
16340,107,1,549.07
16536,110,1,548.97
16031,92,2,548.94
14474,46,1,547.66
12359,331,1,547.5
16811,4,2,547.07
17637,31,2,547.06
16211,88,1,547.02
17520,53,1,546.81
12743,134,2,546.43
14997,46,3,546.2
17806,11,1,546.04
12793,334,2,545.48
16475,88,4,544.3
13617,40,3,544.18
13390,74,1,544.08
16927,115,3,543.05
13278,40,1,542.73
16230,189,2,542.03
17447,40,2,541.53
17557,14,3,541.46
13874,358,1,540.45
12356,22,2,539.81
13812,42,3,539.0
14496,311,2,538.81
15452,29,3,538.73
15469,50,2,538.55
15539,7,1,538.46
17062,313,4,538.37
17345,15,4,537.74
14539,15,2,537.48
16206,54,4,537.06
15043,31,1,537.0
16804,23,3,536.99
16233,71,3,536.68
15535,173,4,536.4
16398,154,1,535.85
16142,249,1,535.34
12988,292,1,535.32
13000,106,3,534.85
12360,112,1,534.7
13385,329,1,534.57
13434,74,2,534.24
17443,219,1,534.24
13217,122,3,533.98
17152,194,2,533.9
15433,213,2,533.3
15756,61,4,532.96
15825,172,1,532.94
16706,37,3,531.35
14265,109,2,530.18
18159,301,1,530.15
14002,134,2,529.73
14463,98,3,529.62
16185,16,2,529.41
17631,1,3,528.33
16602,36,1,528.08
13659,205,1,527.8
12479,11,1,527.2
17623,32,1,527.05
18252,50,2,526.67
16892,1,5,525.54
17290,3,2,525.24
17429,128,3,524.92
15467,9,3,524.88
15891,226,1,524.52
13721,36,1,524.14
17329,14,2,523.11
18017,81,3,523.0
12590,211,1,523.0
17712,44,1,522.91
14871,3,4,522.38
12863,52,1,521.2
15149,133,1,520.8
14873,210,1,519.68
12571,39,2,519.61
13643,31,3,519.44
16955,184,4,518.67
16650,71,1,518.42
15030,71,2,518.28
16135,262,1,517.55
17454,192,4,517.53
18205,36,2,517.36
13043,273,1,516.42
15882,198,4,516.36
15332,366,3,516.0
15809,36,5,515.77
12811,260,3,514.85
15246,238,2,514.15
13005,173,2,513.7
17513,72,1,513.2
17805,73,1,512.31
17480,77,1,511.82
12582,238,2,511.36
14851,23,2,511.35
16561,5,2,511.12
15406,31,2,510.71
12904,18,2,509.58
12436,99,1,509.01
16898,26,3,508.81
17391,163,2,508.8
15417,85,1,508.8
14317,64,1,508.58
17958,116,1,508.46
17415,79,1,507.84
14158,40,1,507.66
13868,38,1,507.54
14820,21,4,507.29
15721,11,1,507.08
16960,38,3,507.05
13885,189,2,506.8
16614,182,1,506.19
14014,77,1,505.18
15081,22,5,504.8
12991,23,2,503.76
17630,169,2,503.6
16863,31,2,502.8
15006,51,1,502.09
13865,58,4,501.56
15881,312,5,501.39
13116,138,1,501.14
13247,17,4,501.12
16616,15,2,500.42
15389,172,1,500.0
14958,147,3,499.68
14077,40,5,499.42
14277,21,1,499.4
15193,60,1,499.32
14681,71,3,498.95
16488,33,3,498.8
15142,46,1,498.74
17053,130,1,498.48
17298,101,2,498.42
16820,95,1,497.61
17495,7,2,497.56
16368,2,2,497.43
15300,64,1,496.44
15018,38,3,496.21
17374,218,2,495.77
15448,312,1,494.64
16352,17,2,494.44
17333,85,1,494.25
12763,138,2,494.08
15877,1,2,493.28
13176,46,1,492.84
14270,331,1,492.65
15507,171,1,492.36
13732,28,1,491.86
14236,80,2,490.86
15000,47,1,490.52
14416,22,2,490.22
18074,373,1,489.6
12809,177,1,489.31
15050,25,2,488.91
17361,49,3,488.2
14396,65,2,487.99
15165,373,1,487.75
16643,245,1,487.51
13338,157,1,487.02
13675,151,2,486.82
17453,17,2,486.72
15287,22,2,486.69
13153,5,1,486.22
12639,238,1,486.1
15531,8,1,485.13
15109,245,1,484.95
16999,23,2,484.82
16504,25,1,484.38
16518,61,2,484.32
14130,319,1,483.86
13531,205,2,483.8
12808,36,3,483.65
14147,78,2,483.4
17555,19,2,483.26
14450,180,3,483.25
16603,74,2,482.47
17950,72,3,482.2
12504,18,2,482.05
16693,68,2,482.01
18216,31,1,481.75
15091,67,1,480.71
16812,360,1,479.35
16008,23,3,478.78
15589,255,3,478.53
16768,47,3,478.09
12644,129,1,477.91
13092,70,5,477.83
14320,206,2,477.79
12447,243,1,476.49
18176,358,1,476.35
14853,24,2,475.8
14497,309,1,475.37
15780,183,3,475.28
15349,158,2,473.81
15557,28,1,473.65
16374,66,2,473.03
14013,110,3,473.02
12882,33,1,471.84
16038,7,3,471.78
17964,31,2,471.7
16885,15,3,471.51
12669,150,1,471.43
13066,24,2,470.8
15963,19,2,470.76
14431,302,1,470.36
15471,2,1,469.48
15026,80,3,469.0
14896,204,2,468.77
13171,21,3,468.41
14335,16,2,468.26
14029,63,2,467.66
15468,51,2,467.51
13579,14,2,467.04
14205,16,2,466.7
16244,211,1,466.12
13248,124,2,465.68
15036,72,3,465.55
17140,247,1,465.32
16742,46,1,464.9
13928,10,4,464.57
16586,248,1,463.95
14967,49,1,463.8
12787,9,3,463.66
17418,42,2,463.46
14489,207,1,463.38
12945,288,1,462.95
14331,124,2,462.66
12762,25,1,461.59
14470,11,2,461.19
12391,21,1,460.89
16824,15,2,460.64
16805,173,2,460.59
12491,38,1,460.4
12355,214,1,459.4
16589,71,3,459.24
17880,364,1,458.92
15754,51,3,458.57
13506,316,2,458.52
17392,306,2,457.91
15092,215,2,457.81
15121,50,2,457.72
12375,10,2,457.5
13398,192,1,457.34
12564,261,1,456.9
12999,196,3,455.88
14513,100,3,455.59
15585,176,1,455.3
16529,190,1,455.25
13485,233,1,454.24
15475,77,1,454.11
17564,24,3,454.01
18158,9,2,453.4
12729,113,1,453.01
18071,257,2,453.0
14184,66,1,452.89
12591,317,1,452.85
12970,7,4,452.24
16574,71,1,451.44
15802,142,1,451.42
14173,10,4,450.84
17040,137,1,449.73
13489,105,4,449.52
12448,44,1,449.45
15739,66,1,449.12
17579,4,3,448.9
14780,54,2,447.68
15646,157,3,447.64
15456,283,3,447.22
15368,21,1,446.94
15889,156,2,446.87
14149,220,1,446.62
17370,72,4,446.18
17190,58,2,444.74
18006,23,1,444.68
14638,50,1,443.6
16404,70,1,443.05
18222,92,1,443.0
14093,12,1,442.85
12579,78,1,440.42
15524,24,1,440.0
18233,325,1,440.0
14022,225,1,440.0
13954,1,2,439.92
16025,29,1,439.66
13359,63,1,439.56
16968,4,2,439.43
13358,268,1,439.03
14272,73,2,437.96
12552,38,2,437.82
16034,196,3,437.7
12592,92,2,437.6
15553,60,1,437.23
16084,299,1,436.18
15551,36,1,436.06
16948,138,3,435.02
14910,2,4,434.35
14460,110,3,434.34
12493,165,2,433.74
17035,245,2,433.53
14157,19,2,432.88
16236,78,1,432.2
16881,66,1,432.0
15976,165,2,430.94
18106,329,1,430.7
12452,16,2,430.57
13245,50,1,430.5
12795,18,1,430.48
12827,5,3,430.15
14998,170,2,429.87
15450,30,1,429.84
16884,37,2,429.84
15230,239,2,429.6
13602,64,1,428.89
15957,31,1,428.89
16324,128,3,428.68
17869,107,5,428.18
15360,39,1,427.93
12725,371,1,427.8
12403,49,1,427.7
12740,63,1,427.6
12802,186,1,427.58
15994,54,1,427.07
17223,310,2,426.79
15930,67,1,426.63
14288,213,1,426.6
15639,134,1,425.32
16780,100,2,425.19
17134,106,2,425.0
17371,17,3,423.89
13140,108,3,423.72
16119,8,2,423.36
15012,53,2,423.04
18034,21,2,422.88
17525,359,1,422.7
13473,60,2,422.64
16689,75,2,422.6
18240,46,1,422.58
17232,2,2,421.52
14757,75,1,420.5
15206,10,4,420.3
14124,84,1,419.58
15361,361,1,418.92
15967,23,2,418.83
12593,108,3,418.1
17701,252,1,417.95
16629,73,2,417.73
13615,318,1,417.69
16737,53,1,417.6
12833,145,1,417.38
18001,12,2,417.23
13166,283,1,417.2
16816,103,4,417.06
13889,92,1,416.9
15935,239,2,416.86
16957,239,2,416.64
13085,157,2,416.08
15803,51,1,415.82
14139,46,1,415.82
12930,78,2,415.8
12580,246,1,415.7
15725,15,1,415.25
14333,67,1,415.2
16795,365,1,414.88
12993,23,4,414.76
16239,56,2,414.2
17483,65,3,414.04
17052,28,1,413.75
13974,49,1,413.59
16834,227,1,413.46
14620,205,2,412.78
13827,57,3,412.05
15523,84,1,412.01
16272,116,1,411.7
17913,58,2,411.6
14670,280,2,411.53
15186,14,2,411.41
15099,84,1,410.48
15695,266,2,409.98
14048,305,1,409.93
14348,260,1,409.57
12990,31,3,409.5
15225,234,1,409.4
16243,33,2,409.1
16018,39,2,408.9
15269,23,1,408.8
16399,19,2,408.57
17931,134,2,408.36
16010,245,3,407.5
15184,29,2,406.76
17004,46,1,406.54
15127,65,1,406.53
16947,235,1,406.48
15342,129,1,406.09
14616,242,3,406.08
16204,23,1,405.71
18036,32,3,405.62
12922,161,1,405.38
17379,11,1,404.66
15938,112,5,404.58
16319,217,1,404.4
16484,173,2,404.3
12498,21,3,403.7
17431,313,1,403.3
15221,366,1,403.25
12386,337,2,401.9
15158,45,1,401.4
16500,4,6,400.86
16198,75,1,400.68
12792,256,1,400.54
17375,199,3,400.1
18164,37,1,399.65
13255,9,2,399.51
18154,3,2,399.19
15522,32,2,398.84
17830,1,3,398.7
12508,26,2,398.27
13352,60,1,397.98
15429,26,2,397.35
17926,133,2,397.29
12824,59,1,397.12
13594,52,1,396.97
13673,18,2,396.92
17486,261,1,396.87
15883,2,2,396.48
18067,40,1,396.33
16354,63,2,395.8
17603,78,1,394.72
14619,245,1,394.44
16207,25,1,394.38
15386,186,1,394.14
15264,64,1,393.74
15345,45,1,393.54
17226,308,1,393.49
14600,305,1,393.33
15837,64,1,391.98
16917,276,1,391.52
12982,242,1,390.54
14306,51,1,390.38
17614,57,1,390.07
17936,5,1,389.84
18024,152,2,389.78
14752,43,1,389.64
13873,119,3,389.6
13345,287,1,389.5
15791,43,1,389.45
16250,261,2,389.44
15847,38,2,389.27
12690,205,1,389.01
17595,12,2,388.79
15592,46,1,388.58
13899,16,2,388.52
13856,168,3,388.5
17438,253,1,388.45
16776,60,1,388.28
14538,64,2,388.25
17357,24,2,388.14
16053,32,1,387.76
17817,4,3,387.68
14420,99,1,387.52
17508,280,1,387.31
13396,319,1,387.27
14114,273,2,386.53
15664,50,1,386.43
14779,280,3,386.15
13821,144,2,385.64
17711,10,2,385.1
13919,59,2,384.81
13833,159,1,384.8
17250,3,2,384.52
17189,106,2,384.4
17205,53,1,384.08
16982,60,1,384.06
15048,65,4,384.05
12733,234,1,383.95
12515,353,1,383.7
15440,54,3,383.68
14304,222,1,383.45
15424,254,2,383.34
12832,32,2,383.03
13817,29,2,382.98
18181,24,1,382.8
17239,312,1,382.5
13657,10,2,382.14
17999,37,2,382.06
15090,308,1,381.32
16441,67,2,381.2
12871,84,2,380.64
17573,29,3,380.6
16930,26,3,380.55
17138,275,1,380.5
12890,24,1,380.47
16769,260,1,380.39
17031,11,2,380.35
14731,47,3,380.02
14594,7,2,379.83
16552,242,2,379.73
13589,14,2,379.65
13656,164,2,379.65
17878,43,1,379.45
15885,92,3,379.35
16909,72,1,379.14
13372,89,1,378.64
17078,36,2,378.2
17736,9,3,377.44
15025,33,1,377.01
17489,58,2,376.64
13936,179,1,376.58
16858,368,1,375.69
14448,9,2,375.35
14079,124,1,375.1
16147,133,1,375.0
14067,63,2,374.7
17492,248,1,374.57
12873,282,1,374.0
13351,66,1,373.94
13569,17,2,373.75
16321,72,5,373.65
16903,29,1,373.24
12895,42,2,372.8
12544,36,1,372.7
12981,29,2,372.22
16065,365,1,372.09
13300,169,1,371.89
17765,158,3,371.88
14690,44,2,371.7
18155,75,3,371.62
15472,113,1,371.56
14950,19,1,371.2
15975,84,1,371.01
15063,213,1,370.8
16343,16,2,370.48
15922,373,1,369.5
16758,65,1,369.34
14888,207,1,369.2
16372,33,2,367.93
17911,9,1,366.23
17358,303,2,365.85
17432,18,2,365.76
16499,360,2,365.45
16202,360,1,365.27
14886,252,1,364.8
15949,16,2,364.72
12373,311,1,364.6
15343,87,1,364.5
14528,37,1,364.22
12538,29,1,363.95
17330,22,2,363.9
15901,16,3,363.88
14171,98,1,363.79
16509,296,1,363.7
12915,148,2,363.65
16485,77,1,363.65
18056,288,1,363.65
14932,365,1,363.53
14427,50,2,363.34
16378,247,3,362.95
16052,54,1,362.06
14875,262,1,362.0
13844,11,1,361.62
16305,138,1,361.22
13291,155,1,361.11
15872,14,2,360.93
16595,61,1,360.16
13780,7,2,360.01
12371,44,1,360.0
13298,1,1,360.0
15120,133,1,358.82
17948,147,1,358.56
15057,275,1,358.5
16823,227,1,358.38
14164,70,1,358.0
13228,81,1,358.0
13976,206,1,357.98
16274,373,1,357.95
17025,60,3,357.77
16971,38,1,357.21
18040,19,2,357.2
13453,165,2,356.98
14500,88,3,356.85
15713,143,2,356.7
15247,122,1,356.0
14537,57,1,355.56
15840,58,2,355.56
12617,29,1,355.53
17742,113,2,355.11
13642,215,1,354.8
17222,65,1,354.15
12888,214,2,354.12
12845,267,4,354.09
15870,32,1,354.09
17252,116,2,353.86
12715,106,1,353.86
13173,4,2,353.65
13210,93,1,353.48
13343,177,1,353.43
14804,8,1,353.27
17976,372,1,353.19
15678,52,1,352.7
18112,12,2,352.69
15334,156,3,351.67
12566,86,1,351.65
15789,358,1,351.3
13923,53,1,351.13
15900,23,1,351.11
13332,14,1,350.9
13740,240,1,350.75
17835,2,3,350.64
17795,179,2,350.39
15321,70,1,350.3
13108,372,1,350.06
12532,30,1,349.83
13670,75,1,349.7
13887,204,1,349.55
18250,310,1,349.27
15405,189,1,349.1
13927,74,1,348.99
17679,52,1,348.91
13790,4,1,348.8
18127,19,3,348.73
12527,81,3,348.71
15579,68,2,348.6
16159,281,1,348.2
13052,212,1,348.15
14379,44,2,348.1
13497,282,2,348.05
17668,1,2,347.75
13062,191,1,346.98
13649,256,2,346.6
16423,24,1,346.12
13091,28,1,345.82
15781,25,3,345.46
17123,161,1,345.3
13774,81,1,345.0
14633,266,1,344.9
16978,77,1,344.33
17569,332,1,344.14
13068,10,2,344.0
15047,269,1,343.62
15520,1,1,343.5
18081,36,3,343.45
15880,369,1,343.28
12875,143,2,343.23
15444,40,1,342.9
17201,53,1,342.63
16851,4,3,342.45
16826,51,1,341.7
13347,70,1,341.36
17917,45,3,341.28
14491,175,2,340.93
12519,63,1,340.84
15115,18,1,340.11
13737,200,1,339.6
17045,113,3,339.44
16545,164,1,339.3
17697,236,1,338.95
17839,42,1,338.8
16183,67,1,338.71
16083,360,1,337.98
15652,91,1,337.74
15942,133,1,337.44
13930,57,2,337.34
17973,51,1,337.04
16105,248,1,336.96
17914,3,1,336.43
15619,10,1,336.4
17384,19,2,336.4
14954,12,1,336.17
18078,217,2,336.13
15921,172,1,336.03
18276,43,1,335.86
14196,106,1,335.52
16063,260,1,335.32
17221,7,2,335.13
12489,336,1,334.93
14988,211,1,334.54
15466,85,1,334.53
12350,310,1,334.4
15918,190,2,334.23
14264,154,2,333.97
14125,10,1,333.92
13216,267,1,333.74
13727,28,2,333.48
16625,274,1,333.08
14902,25,1,332.66
13904,37,2,332.64
16850,333,1,332.41
16803,65,1,332.3
16177,50,1,331.95
16030,309,1,331.24
15210,225,1,331.18
16478,25,3,331.0
12891,185,3,331.0
17862,323,1,330.9
15714,11,2,330.88
13706,302,1,330.79
14517,33,2,330.45
15130,169,1,330.11
16593,50,3,330.03
12953,9,1,329.85
14716,43,2,329.68
17866,142,1,329.65
17615,130,3,329.6
13239,261,1,329.56
17154,75,1,329.34
15153,31,1,329.25
14012,277,1,328.8
15485,336,1,328.54
16855,23,2,328.4
15213,318,2,328.35
14747,249,1,328.2
14206,239,1,328.16
16318,35,1,328.15
15314,199,1,327.97
14024,121,2,327.7
16366,18,1,327.3
14870,261,1,327.25
16322,1,2,326.75
14987,15,2,326.4
17715,200,1,326.4
16071,44,1,326.24
15363,372,1,326.0
12844,29,2,325.96
16830,38,1,325.91
14850,311,1,325.75
15944,276,1,325.1
12790,192,1,324.92
13801,66,1,324.8
15597,35,1,324.57
16685,61,2,324.24
18261,43,2,324.24
14555,57,2,324.14
15675,81,3,323.69
17793,25,1,323.04
16739,176,1,323.0
13955,154,2,322.96
16627,79,1,322.8
16342,75,4,322.41
15224,358,2,322.08
14424,17,1,322.08
14484,50,1,321.92
14823,180,3,321.43
15236,298,1,321.05
18117,25,1,320.72
16096,264,1,320.62
14622,184,1,320.58
13986,17,1,320.46
16674,54,2,319.61
15107,311,6,319.5
16967,189,1,319.02
17157,7,2,319.0
17229,96,2,318.76
17248,120,1,318.65
14703,14,1,318.17
12648,154,1,318.05
18066,75,1,318.0
17172,78,1,317.76
17267,127,2,317.62
15101,8,2,317.53
16386,28,2,317.2
15257,283,1,317.15
15385,40,1,316.88
15243,74,1,316.68
16761,96,1,316.62
15204,357,1,316.58
17458,15,1,316.5
13494,311,1,316.26
14479,253,2,316.25
16473,164,3,316.11
12614,277,1,315.6
15766,64,1,315.06
16091,154,2,315.06
17237,11,2,314.69
16193,236,1,314.45
12650,3,1,314.44
16227,225,1,314.22
15970,303,1,314.1
13484,241,1,313.8
16582,113,1,313.62
14729,373,1,313.49
13845,64,1,312.98
15318,3,1,312.62
12834,282,1,312.38
16120,59,3,312.3
17362,239,2,312.23
17070,114,1,312.14
12785,364,1,311.95
16450,149,1,311.92
14142,373,1,311.81
15326,333,1,311.71
14951,79,1,311.69
14327,163,1,311.65
12852,294,1,311.55
13990,213,1,311.3
17854,185,2,311.26
16781,372,1,311.25
13897,50,1,311.16
17912,310,5,311.01
17266,2,3,310.64
15185,70,1,310.62
15308,274,1,310.47
14311,242,1,310.26
14924,245,1,310.05
15661,317,2,309.8
15699,17,1,309.65
16810,192,1,309.54
14339,242,1,309.52
14847,148,1,309.4
16671,28,2,309.39
17604,217,2,309.36
12884,88,1,309.05
13787,75,2,309.04
15010,35,1,308.94
16956,17,1,308.74
13699,155,1,308.58
17510,24,1,308.48
13369,365,1,308.28
14856,36,2,308.11
13466,184,1,307.9
15973,366,1,307.82
16123,51,1,307.78
13529,78,2,307.76
13395,185,1,307.72
13060,253,1,307.53
14915,91,2,307.48
17120,233,1,307.46
13932,294,1,307.4
13142,19,1,307.09
17334,302,2,307.02
15087,281,1,306.94
17551,359,1,306.84
16668,15,6,306.72
13762,218,1,306.72
13718,246,2,306.55
18059,23,3,306.46
15659,43,1,306.45
17176,201,1,306.13
13863,247,1,305.78
15219,176,1,305.75
16796,89,1,305.62
16181,73,1,305.54
18220,226,1,305.28
13045,99,1,305.28
12623,276,1,305.1
13667,149,1,305.02
17941,130,1,304.56
15163,18,2,304.47
16217,235,2,304.25
18185,249,1,304.25
17732,372,1,303.97
16400,94,1,303.93
13083,4,2,303.75
17433,88,1,303.16
15060,8,4,303.09
16425,302,1,302.7
14248,318,1,302.58
18165,177,1,302.46
16104,61,1,302.36
16292,121,1,302.25
17506,75,1,302.2
15054,12,2,302.1
17094,322,1,302.0
16297,268,1,301.9
16715,78,1,301.72
15667,39,1,301.32
15148,10,1,301.29
15623,141,1,301.03
13479,200,2,300.95
17978,365,1,300.92
16430,57,1,300.85
16479,10,2,300.83
14762,263,1,300.52
13304,351,1,300.42
15254,127,1,300.36
13745,162,1,300.04
18053,70,1,300.02
16402,264,2,299.6
18215,89,1,299.34
17124,185,1,298.89
15609,184,1,298.48
17255,40,2,298.41
17824,51,1,298.4
17678,263,1,298.11
12881,275,1,298.0
15857,18,1,297.0
13708,271,1,296.88
14985,198,2,296.75
17531,190,1,296.7
13441,91,1,296.64
15154,75,1,296.42
13751,288,1,296.25
13504,64,1,295.93
16998,149,4,295.0
12424,162,1,294.64
13573,50,2,294.4
15732,212,2,294.12
17163,21,2,293.1
12829,336,2,293.0
15545,54,2,292.72
12967,358,1,292.5
16721,262,1,292.47
13259,61,1,292.32
13502,16,3,292.0
13449,23,1,291.88
15497,17,1,291.6
13544,39,2,291.41
14656,169,2,291.05
14947,72,2,290.82
16648,42,1,290.66
15279,354,1,290.51
17691,358,2,290.4
16526,171,1,290.36
17081,25,2,290.16
14784,26,2,289.99
17464,158,1,289.96
14953,25,1,289.82
16897,299,2,289.78
14162,173,2,289.36
16125,367,1,289.35
14549,311,1,289.24
17501,220,2,288.6
16808,99,2,288.42
15396,112,1,288.18
17977,29,1,288.14
17080,22,2,287.62
17760,21,2,287.59
16432,64,1,287.4
13760,54,2,286.79
16555,35,2,285.89
14660,86,2,285.74
17636,19,1,285.56
16429,106,1,284.55
18190,192,2,284.46
13121,269,1,283.73
13439,255,1,283.71
12703,71,1,283.55
17783,72,2,283.47
17251,362,1,283.28
18270,38,2,283.15
17694,141,1,283.12
14350,274,1,282.93
13754,151,2,282.6
13177,64,1,282.45
17247,15,1,282.19
16557,24,2,281.85
17403,36,1,281.62
16848,52,1,281.42
14242,234,2,280.55
13606,29,3,280.54
16149,4,2,280.52
14975,57,1,279.94
15556,24,1,279.77
14480,11,1,279.05
17786,85,2,278.74
14764,46,1,278.3
14908,74,1,277.8
17968,373,1,277.35
13803,255,1,277.07
15355,29,2,277.05
16883,187,2,276.73
13272,31,2,276.56
14508,22,2,276.42
12750,128,1,275.88
14512,187,2,275.28
16313,3,2,274.15
16727,364,1,272.82
17254,4,2,272.44
17498,75,1,272.22
14819,64,2,272.07
13917,49,2,272.04
14816,197,1,271.85
13058,24,3,271.4
13837,211,2,271.24
17767,15,1,271.2
17496,358,1,271.05
18108,254,1,271.0
17011,30,1,270.9
15774,68,1,270.8
13533,182,3,270.79
14520,1,2,270.6
13242,112,3,270.4
12558,7,1,269.96
14727,274,1,268.58
15408,264,1,267.18
17550,197,3,267.16
15320,44,1,267.13
17708,187,2,267.08
15517,233,1,267.03
16451,87,1,266.97
14863,29,1,266.76
15119,245,1,266.4
12962,7,2,266.39
15019,266,1,266.0
14068,320,1,265.85
17430,32,2,265.76
14423,218,1,265.2
13973,287,1,264.7
15912,178,2,264.62
14452,10,2,264.44
15894,253,2,263.55
12492,63,2,263.21
16936,25,1,262.68
17194,273,2,262.62
16413,56,1,262.2
17385,14,1,261.11
13189,18,2,260.68
14053,124,2,260.25
15014,43,2,260.17
15143,225,1,259.45
17125,50,1,259.35
13127,77,1,259.17
16447,135,1,259.01
15577,151,3,258.88
13277,15,4,258.4
13227,201,1,257.7
14375,185,1,257.68
18009,235,1,257.34
13626,252,1,257.23
16048,373,2,256.44
12430,43,1,256.4
13806,63,1,256.38
17896,23,1,256.32
14761,58,2,255.9
15277,46,1,255.9
14881,19,1,255.4
16226,203,3,255.12
15261,135,1,254.82
12604,79,2,254.18
14765,29,3,254.11
15689,119,2,254.1
12797,365,1,254.03
15759,218,3,253.04
17860,368,1,252.8
15035,89,1,252.73
13404,1,2,252.49
15346,332,1,252.42
13645,120,1,252.1
13711,218,2,252.06
16330,17,3,251.91
16836,39,2,251.87
17155,17,2,251.7
16976,267,1,251.52
16024,12,1,251.24
13512,260,1,251.21
14501,183,2,251.21
13207,15,2,250.26
16596,15,2,250.15
17303,361,1,250.04
15510,330,1,250.0
17456,365,1,249.86
18005,3,2,249.72
16124,317,1,249.0
13061,72,1,248.61
17111,47,1,248.61
18212,326,1,248.42
16510,372,1,248.1
15097,4,1,248.08
13592,35,4,247.96
18072,185,1,247.44
13349,10,1,247.32
14658,5,2,247.15
17051,194,1,247.14
13851,288,1,246.32
15783,10,1,246.3
17278,241,1,246.04
16778,74,2,245.94
17771,56,2,245.81
12660,11,1,245.1
15118,134,1,244.8
16601,40,1,244.8
16528,3,1,244.41
17892,56,3,244.1
17925,372,1,244.08
13103,39,1,243.94
16793,57,1,243.84
18193,165,1,243.76
13886,71,1,243.56
15634,17,1,243.55
17339,94,2,243.36
17908,373,1,243.28
14647,201,1,243.22
16215,80,1,242.35
15776,133,1,241.62
14523,108,1,241.09
16427,263,2,241.06
15598,53,1,240.68
15286,49,1,240.55
13565,19,2,240.22
17256,107,2,240.0
17181,57,2,239.92
15690,4,2,239.76
13570,243,1,239.49
17684,43,1,239.41
16756,214,1,239.4
15850,19,2,238.85
12561,302,1,238.85
12718,71,1,238.25
17877,170,1,237.61
14586,276,1,237.36
15457,262,1,237.07
18110,19,1,236.3
12732,179,1,236.26
16026,43,1,236.09
13187,337,1,236.02
15462,94,3,234.6
14473,74,2,234.34
17060,266,1,234.24
16961,116,1,234.17
12736,332,1,234.0
15483,161,4,233.81
13348,64,1,233.76
16583,373,1,233.45
14995,38,2,233.23
16302,126,1,233.22
13678,151,1,232.6
18213,236,1,232.48
16117,189,1,232.21
15393,16,2,231.86
16641,105,1,231.1
18030,4,2,230.65
15866,101,1,230.53
16445,33,1,230.51
13786,367,1,230.4
16926,371,1,230.25
13960,21,2,230.22
12812,44,1,229.64
13474,236,1,229.59
13008,323,1,229.47
15528,254,1,229.33
14793,21,1,228.99
17347,86,1,228.96
13146,26,1,228.91
13712,246,1,228.84
13070,192,1,228.8
17969,166,2,228.2
16527,81,1,228.06
14569,1,1,227.39
14049,158,1,226.93
17212,253,1,226.85
17572,71,4,226.75
16315,330,1,226.37
16777,80,2,226.35
16619,263,1,226.21
17789,281,1,225.9
12672,329,1,225.9
14624,57,2,225.85
14357,43,1,225.77
12402,323,1,225.6
16690,72,2,225.58
14052,19,1,225.36
16587,232,1,225.15
17171,289,1,224.91
15175,71,1,224.14
16951,134,2,223.96
16471,274,1,223.95
16753,58,1,223.92
14929,32,1,223.88
13926,23,1,223.85
18101,11,2,223.65
17534,53,1,223.36
15637,52,1,223.36
13382,280,1,222.99
15897,194,2,222.05
14598,44,1,221.97
14960,8,2,221.27
16392,269,1,221.19
13419,63,1,221.06
15790,10,1,220.85
16482,15,1,220.62
18114,290,1,220.1
13079,4,5,220.1
14261,50,1,219.7
13600,312,1,219.52
15096,42,1,219.39
16895,64,1,219.14
12702,19,1,219.0
13669,50,2,218.55
17619,312,1,218.52
13428,10,1,218.47
12574,315,1,218.45
15724,201,2,218.25
14570,280,2,218.06
16634,222,2,217.9
13271,37,1,217.38
15554,277,1,217.2
16080,81,2,217.16
13739,18,1,216.9
13503,71,1,216.85
15460,354,1,216.76
12897,204,2,216.5
15604,52,1,216.39
17436,1,2,216.3
14104,154,2,216.21
13858,57,1,216.17
16179,60,1,215.83
15052,319,1,215.78
17580,252,3,215.72
14476,257,1,215.7
16189,15,2,215.48
16190,40,1,215.08
16519,25,2,215.08
12831,262,1,215.05
12588,39,1,214.9
16338,157,1,214.8
16411,19,2,214.65
16846,50,1,214.32
16647,169,2,214.06
14601,10,1,213.96
13621,116,1,213.85
17153,24,1,213.78
14241,183,1,213.7
13411,107,1,213.55
16591,68,1,213.5
15540,11,1,213.3
14984,19,2,213.27
17928,45,2,212.54
16017,47,1,211.88
16356,197,3,211.77
15703,264,1,211.5
12995,85,1,211.32
16415,44,1,210.35
13532,33,1,210.31
13828,22,1,209.49
17855,372,1,208.97
15327,52,1,208.75
17514,128,1,208.65
16914,36,1,208.46
16457,218,1,208.36
12547,197,2,207.8
18191,261,1,207.8
16866,140,3,207.74
17923,282,1,207.5
16752,372,1,207.5
16323,196,1,207.5
13099,99,1,207.36
15925,194,1,207.15
15820,319,1,206.98
18126,60,1,206.83
17166,38,2,206.34
14964,247,1,206.21
13065,373,1,205.86
17670,227,1,205.7
17843,303,1,205.48
15307,95,1,205.3
15758,24,1,205.25
13513,126,1,205.1
15319,283,1,204.5
17206,53,1,204.24
18273,2,3,204.0
13017,7,1,204.0
17187,226,1,203.95
17394,219,1,203.87
17889,212,2,203.87
17891,162,1,203.86
17376,70,2,203.2
15723,364,1,203.1
14381,52,1,202.68
18169,60,1,202.65
14385,9,3,202.11
15347,366,1,201.6
13295,359,1,201.2
16965,226,1,201.19
13284,330,1,201.19
13859,326,1,201.16
17988,11,7,201.12
17693,137,1,200.47
13262,263,1,200.29
15437,262,1,200.16
13980,60,1,200.14
14782,319,1,200.1
13723,217,1,199.85
15593,70,1,199.8
13322,17,1,199.48
17383,4,1,199.29
16832,184,3,199.15
17987,185,1,198.57
13918,253,1,198.2
16178,138,1,197.9
12450,156,2,197.88
12581,39,1,197.71
14185,331,1,197.65
14789,28,1,197.64
17301,21,1,197.63
16652,58,3,197.28
16829,156,1,197.22
14830,53,1,197.13
15234,276,1,197.0
12586,17,1,196.94
13436,1,1,196.89
15746,134,1,196.88
13978,14,2,196.79
17660,141,1,196.0
16112,143,4,195.74
13792,66,2,195.55
17010,18,1,195.36
14666,24,1,195.25
15612,36,2,195.15
14100,137,1,194.9
16887,35,1,194.88
14087,2,1,194.42
17475,79,1,194.37
15683,117,1,193.75
15198,92,2,193.64
17343,355,1,193.64
16847,43,1,193.44
17608,33,2,193.42
14806,75,1,193.39
14801,61,1,193.14
13568,173,1,192.85
12522,39,2,192.72
12791,373,1,192.6
14768,17,2,192.6
15909,173,1,191.94
17904,21,1,191.67
14966,14,1,191.32
15692,28,1,191.04
17233,35,1,190.88
13033,357,1,190.55
15412,171,1,190.53
13972,70,2,190.25
17885,12,1,190.19
12361,287,1,189.9
13826,176,1,189.5
13663,179,1,189.47
18045,45,1,189.4
16448,198,1,188.89
14697,218,2,188.61
12893,30,1,188.14
17781,159,2,188.02
14722,147,1,187.92
17279,57,1,187.83
18013,155,2,187.29
17440,156,3,186.42
13672,301,2,186.39
14551,18,2,186.23
15567,18,1,186.01
12641,115,1,185.9
17574,242,1,185.65
14199,218,1,185.4
16097,240,1,185.05
13482,232,1,184.64
17680,23,1,184.4
16433,28,1,184.26
15124,22,2,184.19
14326,242,1,183.85
16680,43,1,183.7
14059,266,1,183.6
13460,29,2,183.44
13059,249,1,183.4
17772,10,2,182.77
14082,364,1,182.25
18119,367,1,181.12
15886,60,1,181.09
16594,75,1,181.09
15945,365,1,181.0
15292,201,1,180.94
16835,128,2,180.85
18280,277,1,180.6
13710,31,1,180.48
15041,170,1,180.35
13598,47,1,180.17
12622,232,1,180.1
18147,45,2,179.34
15895,149,1,179.17
15454,362,1,179.1
14705,198,1,179.0
16990,218,1,179.0
15139,239,2,178.96
16620,3,2,178.96
15262,323,1,178.95
13778,103,1,178.7
17879,173,1,178.52
17253,18,1,178.26
17356,311,1,178.22
18282,7,2,178.05
16403,312,1,177.5
13618,173,1,177.34
12618,21,1,177.31
13072,266,1,177.15
12923,64,1,176.97
17947,37,1,176.68
14287,8,3,176.63
12509,284,1,176.5
18274,30,1,175.92
17582,236,1,175.27
16144,246,1,175.2
17331,123,1,175.2
18010,256,1,174.8
14355,365,1,174.4
14518,64,1,174.37
13560,7,1,174.37
15335,53,1,173.97
18278,73,1,173.9
16861,59,2,173.76
14798,52,3,173.74
16565,364,1,173.7
12441,366,1,173.55
15565,50,2,173.16
15670,296,1,173.05
14693,264,1,172.9
18048,203,2,172.29
13922,351,1,172.25
13690,59,1,172.25
12442,3,1,172.06
15494,21,1,171.85
14536,259,1,171.8
16773,57,1,171.59
17245,204,1,171.45
15432,23,1,171.19
17542,269,1,170.75
14860,19,1,170.32
18058,9,1,170.16
15016,172,1,170.04
16921,61,1,169.79
13962,21,2,169.55
14218,42,1,169.48
18004,362,1,169.47
12367,4,1,168.9
14578,3,1,168.63
18269,366,1,168.6
17367,238,1,168.4
18099,127,1,168.31
15888,80,1,168.31
16282,339,1,168.3
17737,9,2,168.24
15986,30,1,168.12
12551,357,1,168.0
15374,128,1,168.0
18088,61,1,167.67
17561,19,1,167.62
16952,109,2,167.61
15920,154,4,167.5
16405,302,2,167.25
18014,28,1,166.42
14295,40,1,166.2
17650,21,1,166.08
12817,281,1,166.04
14485,38,1,165.75
14930,108,1,165.58
14552,151,1,165.07
18042,53,1,165.05
15316,326,1,165.0
13470,99,2,165.0
15904,8,1,164.68
17535,280,1,164.4
13603,26,1,164.34
12920,17,1,164.23
18200,106,1,163.8
14354,5,2,163.62
17110,165,1,163.3
13223,200,2,163.2
16406,18,1,163.07
15167,320,1,163.0
16517,277,1,162.7
15733,282,1,162.3
15325,103,1,162.29
16932,53,1,161.94
17600,17,1,161.67
15458,25,1,161.64
16113,183,1,161.38
14362,22,1,161.2
14204,2,1,161.03
14237,373,1,161.0
14089,56,1,161.0
13229,225,1,160.95
15852,186,2,160.71
17344,46,1,160.57
12573,227,1,160.54
18203,157,1,160.42
18146,140,2,160.35
14714,24,1,160.19
12966,9,1,160.18
13420,149,2,159.85
16213,78,1,159.0
18224,263,1,158.95
13937,169,1,158.85
17165,284,1,158.68
15160,357,1,158.16
15348,72,1,158.04
15988,19,1,158.03
17556,205,1,157.9
14799,51,1,157.7
14148,233,1,157.2
17128,334,1,157.09
14585,50,1,157.05
17118,317,1,157.02
15007,159,1,156.91
14406,119,1,156.75
15438,131,1,156.58
15263,106,1,156.51
13898,325,1,155.93
17871,204,1,155.9
17899,159,1,155.8
14813,369,2,155.43
17832,49,1,155.37
12738,372,1,155.35
16720,26,1,155.24
15447,330,1,155.17
13809,305,1,155.05
14368,319,1,155.0
14046,284,1,154.99
17698,260,1,154.95
15740,49,1,154.88
17026,185,2,154.83
15226,310,1,154.41
17517,308,1,153.94
17286,21,1,153.92
16351,332,1,153.9
12602,58,1,153.12
17714,320,1,153.0
16248,61,1,152.94
17984,145,1,152.68
18138,295,1,152.65
14066,266,1,152.55
17707,185,2,152.4
13514,73,1,152.2
14039,33,1,152.2
17898,85,2,152.06
16617,235,1,151.85
16412,53,1,151.83
14208,94,1,151.74
13462,252,1,151.5
16461,177,1,151.42
13697,38,1,151.3
16337,36,1,151.05
14073,32,1,151.04
15717,234,1,150.3
17234,182,1,149.89
15869,277,2,149.64
17946,233,2,149.58
18262,140,1,149.48
15748,40,1,149.31
15435,22,1,149.29
13003,105,3,149.05
17549,23,2,148.86
15526,33,2,148.44
17859,304,1,148.21
14968,30,1,147.59
14098,36,1,147.35
14037,176,2,147.2
12864,138,1,147.12
15503,362,1,147.09
17030,63,1,146.87
14238,326,1,146.85
16893,366,1,145.93
12565,288,1,145.92
17935,138,2,145.79
13866,74,1,145.67
15937,64,1,145.35
16598,285,1,145.05
17524,361,1,145.0
16852,10,2,144.91
12974,197,1,144.8
14109,72,1,144.2
17186,46,2,144.0
12587,7,1,144.0
17578,218,1,143.46
15705,201,1,143.1
16287,169,1,142.5
13299,268,1,142.5
14386,296,1,142.4
13584,306,1,142.4
13561,215,1,141.86
14041,266,1,141.41
15388,270,1,140.54
13483,65,1,140.34
14494,25,1,139.56
17718,232,1,139.35
16483,192,1,139.35
14772,112,1,139.26
18209,28,1,139.1
15135,239,1,139.05
13273,113,1,138.98
12902,264,1,138.68
14581,16,1,138.6
17122,119,1,138.32
13716,269,1,138.28
15663,106,1,138.14
12512,66,2,138.03
16050,173,1,137.9
13279,78,1,137.75
17709,169,1,137.45
15836,50,1,137.37
14483,281,1,137.1
17468,10,2,137.0
15691,252,1,136.8
14247,278,1,136.77
17972,241,1,136.04
16462,73,3,136.0
12968,112,1,135.95
15042,199,1,135.93
14889,336,1,135.9
15419,24,1,135.86
16114,170,1,135.75
15174,322,1,135.75
16665,362,1,135.4
15276,66,1,135.31
12851,96,1,135.18
13364,71,1,134.96
16055,220,1,134.8
14340,218,1,134.7
15562,351,1,134.55
14174,33,1,134.46
12837,173,1,134.1
14280,196,1,134.04
16424,191,1,133.56
14349,10,1,133.5
12445,22,1,133.4
17881,304,1,133.35
15709,283,1,133.25
17647,65,1,133.06
17785,53,1,131.94
14438,306,1,131.9
17297,17,1,131.78
17455,203,1,131.7
14795,166,1,131.45
15844,46,1,130.74
16679,366,1,129.75
16611,186,1,129.49
16623,245,1,129.45
16828,93,2,128.5
17359,11,1,127.86
15543,288,1,127.86
13781,250,1,127.84
15578,162,1,127.1
15923,372,1,127.08
14962,270,1,126.7
16414,21,2,126.25
15463,29,1,126.14
16988,5,1,126.12
12814,101,1,125.92
13522,30,1,125.8
14861,52,1,125.79
14890,253,1,125.65
15017,33,1,125.58
12531,14,1,125.22
17148,51,1,124.88
16849,186,1,124.57
16569,3,1,124.2
14495,50,2,123.8
16658,368,1,123.24
15917,247,1,123.1
17967,371,1,123.07
13519,78,1,122.75
13876,63,1,122.7
14413,362,1,122.7
13638,15,1,122.64
14165,275,1,122.54
14076,129,1,122.47
16073,297,1,122.4
18018,108,2,122.14
13244,92,1,121.74
13182,45,1,121.18
15049,273,1,121.17
15512,155,2,121.0
13002,318,1,120.95
17446,176,2,120.9
18015,4,1,120.03
14314,106,1,120.0
14259,141,1,120.0
14453,190,1,119.93
16542,53,1,119.62
15266,338,1,119.3
16666,19,1,118.98
15843,303,1,118.95
17079,78,1,118.8
14155,266,1,118.75
13581,309,1,118.0
13193,61,1,117.88
12929,311,1,117.85
17654,277,1,117.55
16959,87,1,117.35
13877,86,1,117.24
17117,288,1,116.2
13170,26,1,116.01
17601,239,1,116.01
14143,133,1,115.8
15350,373,1,115.65
13067,82,1,115.46
18027,98,1,115.31
14972,128,1,114.77
13188,11,1,114.6
16247,170,1,114.56
14632,262,1,114.56
14974,37,1,114.39
17852,11,2,114.34
17219,31,1,114.23
14652,77,1,114.18
12938,25,1,114.14
14582,40,1,114.11
12651,334,1,114.0
14457,310,1,113.64
17217,234,1,113.5
15445,264,1,113.5
18105,37,1,113.48
16913,290,1,113.44
15280,172,1,113.12
14689,208,1,112.8
16697,241,1,112.75
13161,313,1,112.75
13807,367,1,112.6
18129,243,1,112.55
15610,51,1,112.46
17038,30,1,112.4
14271,225,1,112.32
17893,225,1,112.25
17900,190,2,112.2
12756,86,1,112.08
17274,35,1,111.98
17957,66,1,111.68
17887,129,1,111.35
18120,214,1,111.15
13508,243,1,110.97
13144,332,1,110.95
15537,163,1,110.92
15853,51,1,110.8
17349,179,1,110.75
16963,187,1,110.55
14641,21,1,110.46
12734,352,1,110.4
17901,29,1,110.38
16792,282,2,110.38
18277,58,1,110.38
17746,240,1,110.25
17836,47,1,110.21
16339,284,1,109.95
13133,273,2,109.8
16363,53,1,109.36
14699,214,1,109.13
14345,38,1,108.98
17639,276,1,108.5
16106,65,1,108.38
13226,273,1,108.21
12956,306,1,108.07
14661,26,1,107.95
16784,19,1,107.6
15395,325,1,107.45
16757,318,1,106.83
15168,25,1,106.56
15070,372,1,106.2
17791,29,1,106.1
16581,182,1,105.84
15775,245,1,104.9
14027,60,1,104.82
15607,336,1,104.76
15958,74,1,104.35
18174,7,1,104.0
18255,89,1,103.3
17548,233,1,103.3
14542,185,1,103.25
13815,22,1,103.2
17962,142,1,102.83
18011,373,1,102.79
14836,10,3,102.45
14981,246,1,102.12
13948,360,1,102.0
15212,241,1,101.8
16516,30,1,101.7
18068,289,1,101.7
17643,373,1,101.55
16006,211,1,101.4
18086,274,1,101.34
13101,234,1,101.19
16344,158,1,101.1
16498,161,2,100.97
14946,14,1,100.9
17427,71,1,100.8
14371,295,1,100.5
13703,318,1,99.5
17939,159,1,99.14
15256,148,1,98.45
17538,25,1,98.42
17895,44,1,98.0
18033,65,1,97.97
15422,323,2,97.7
12984,18,1,97.5
17325,280,1,96.8
15216,87,1,96.6
14642,58,1,96.12
17024,45,3,95.85
18249,17,1,95.34
12548,166,1,95.2
16653,16,1,94.8
16387,322,1,94.36
13651,35,2,94.2
15397,289,1,94.0
15428,15,1,93.78
18227,217,1,93.75
13283,59,2,93.66
17991,225,2,93.35
12821,214,1,92.72
14054,65,1,92.46
12789,65,1,91.85
13160,22,1,91.8
13551,319,1,91.8
12659,29,1,91.68
15488,92,1,91.32
13947,65,1,90.6
14353,215,1,90.6
18084,16,1,90.48
16506,19,2,90.3
15552,217,1,90.12
16597,4,1,90.04
14117,143,1,90.0
14219,4,1,89.94
14760,297,1,89.2
12686,371,1,89.14
14436,98,1,89.06
12353,204,1,89.0
15083,256,1,88.2
15180,367,1,87.5
13296,137,1,87.4
15541,114,1,85.13
13841,252,1,85.0
15729,212,1,85.0
13666,60,3,84.65
12401,303,1,84.3
15786,46,1,83.9
16986,30,1,83.2
17309,95,1,82.75
13006,56,1,81.57
17620,59,1,81.44
18281,180,1,80.82
16789,8,1,80.8
13967,145,1,80.7
17752,359,1,80.64
13747,373,1,79.6
15753,304,1,79.2
16078,283,1,79.2
15113,25,1,78.0
17942,7,1,77.5
14785,10,2,77.4
13132,261,1,77.3
13992,30,1,76.8
14373,358,1,76.55
13106,133,1,76.5
17536,177,1,76.5
14090,324,1,76.32
18113,368,1,76.32
15668,217,1,76.32
16148,296,1,76.32
17995,281,1,76.1
17628,81,1,75.75
16610,219,1,75.66
13403,17,1,75.0
16468,74,1,74.9
13095,70,1,74.4
18050,359,1,74.4
17960,171,1,73.78
12506,232,1,73.5
18032,334,1,73.5
16171,59,1,73.2
17906,247,1,72.9
13686,182,1,72.0
14680,252,1,72.0
13938,35,1,71.66
13185,267,1,71.4
17747,112,1,71.4
17022,31,1,71.0
17107,33,1,70.8
18037,154,6,70.02
15863,25,2,68.84
14393,218,1,67.95
13684,285,1,67.23
17382,65,1,65.4
13130,94,1,64.0
13302,155,1,63.75
17263,208,1,63.44
12665,324,1,63.0
14437,365,1,63.0
14840,267,1,62.85
13218,127,1,62.64
15516,44,3,62.43
12754,277,2,61.62
13194,135,1,60.7
17174,217,1,59.9
13391,203,1,59.8
13682,187,1,59.5
14957,253,1,58.49
13080,179,1,58.08
17775,254,1,56.4
15899,368,1,56.25
13366,50,1,56.16
16349,290,1,53.5
15504,81,1,52.83
13832,19,1,52.2
14865,7,2,52.2
15313,110,1,52.0
14682,187,2,52.0
17844,106,1,51.56
14351,164,1,51.0
13011,372,1,50.55
18184,15,1,49.8
14821,366,1,48.8
15603,78,1,48.48
16257,176,1,46.95
14080,32,1,45.6
15423,38,1,43.5
14300,18,1,43.2
15992,3,1,41.99
15178,260,1,40.5
14589,371,1,39.75
12977,156,1,39.24
16659,189,1,39.12
18019,51,1,38.45
12855,372,1,38.1
12739,78,1,37.5
16162,252,1,37.4
17816,36,4,36.56
15940,311,1,35.8
17831,33,1,35.4
16856,14,1,35.4
14576,372,1,35.4
15744,77,1,34.8
16765,294,1,34.0
17408,163,1,32.65
13120,238,1,30.6
15657,22,1,30.0
18268,134,1,25.5
17102,261,1,25.5
16714,218,2,24.95
15032,366,1,23.85
16953,30,1,20.8
17986,56,1,20.8
12433,0,1,19.8
12755,280,1,17.55
16093,106,1,17.0
17788,129,1,16.7
12753,282,1,15.3
17763,263,1,15.0
15823,372,1,15.0
13307,120,1,15.0
16878,84,1,13.3
17956,249,1,12.75
16692,289,1,8.5
16454,44,2,6.9
14792,63,1,6.2
12409,79,1,4.95
16738,297,1,3.75
16446,205,1,2.9
